date,1D,5D,10D
2012-01-06,-0.16498818295376524,-0.1263475812092532,-0.15215884372401453
2012-01-09,-0.09738167659745396,0.10190560509276175,-0.07643719173024043
2012-01-12,-0.04263514563163615,-0.09565249693952664,-0.06952174516123684
2012-01-19,-0.2736669585453082,-0.13180839607904385,-0.027390609459037006
2012-01-20,0.1152894166873756,-0.10542430213206176,-0.0012780211468956155
2012-01-31,-0.022824641579710772,0.05529874131353041,0.12858985135916162
2012-02-06,-0.013762895400832283,-0.061648554087986446,-0.09198887563052677
2012-02-08,-0.013368416680739851,-0.1393846159772142,-0.08522013003013462
2012-02-09,0.09446798385025541,-0.02758206340208922,-0.09261524804383989
2012-02-13,0.20641916565206944,0.21591383746798296,0.06120707068993373
2012-02-15,0.0048814857519074335,0.0013263250970680601,0.10374328048649932
2012-02-16,0.10660476766883685,0.20719462880936887,0.10387332429068023
2012-02-17,-0.024331507180335995,-0.005454598865382468,-0.06590557509004212
2012-02-21,-0.1955512471540781,-0.1688311622605412,-0.1263190487923627
2012-02-22,-0.022213868262060763,-0.034992998248323595,0.04354013108829342
2012-02-23,0.026062405836565345,0.05493479914641009,0.14396200748729474
2012-02-24,0.006384003667457212,-0.15096944430254808,0.13869123356260285
2012-02-28,0.003685630221873373,0.17016242554606437,0.283840043984532
2012-03-01,0.030808241775437686,-0.028276992092551922,-0.03225229874806479
2012-03-06,-0.18570938177678892,0.0352677694514762,0.11492783612246507
2012-03-07,-0.1601004425458224,-0.016036240695480604,-0.05247242071244836
2012-03-08,0.023823723039025448,-0.08545990025591997,-0.035232608882142094
2012-03-12,0.1996297589756853,-0.06018944016039606,0.10560010414046342
2012-03-15,-0.004134690957370551,0.3807674490742152,0.3368102548052
2012-03-21,0.043806783262426215,0.2699597230180759,0.21865360826565963
2012-03-22,-0.10785768083746108,-0.1787078444205557,-0.2918406506431871
2012-03-23,0.13544052233095222,-0.1732505195483647,-0.17947949033943894
2012-03-26,0.23439714764912284,0.10708628942841503,0.16146525739562836
2012-03-29,-0.1781402630994904,0.011897280555729048,-0.02513921689908349
2012-03-30,0.49521976405931256,0.311212404930416,0.3197842491452268
2012-04-06,0.035869691093781624,0.1384288099518499,0.13788179275075346
2012-04-10,-0.08083285155562973,-0.1710317051664913,-0.07859023790004735
2012-04-11,0.047578151229804334,0.028148838559153986,0.03696142785201574
2012-04-12,-0.019161095709702182,0.0551769566029531,0.025540583801776442
2012-04-16,0.05448075434552641,-0.1330171391907943,-0.130658891458688
2012-04-18,-0.03348556472365773,0.0018826001138605374,-0.02600556781835451
2012-04-19,0.21453163665332822,0.026299651484812638,0.08891388183669882
2012-04-24,0.08270113829176068,-0.055374126624005274,0.018710307193994323
2012-04-25,0.19685901368184977,-0.03127151049508798,-0.05606495689131546
2012-04-26,0.10326666454915771,0.11619725634400706,0.13063355541886415
2012-04-27,0.041695441928078746,-0.10691990822438437,-0.13389282150320658
2012-05-03,0.008287187180248946,-0.09412467004411572,-0.12648468833300255
2012-05-04,0.05612178458046772,0.11066018543039506,-0.026957629249912088
2012-05-07,-0.08787045681939848,-0.10116080977951665,0.0011236049349179877
2012-05-08,0.15780653223287228,0.0038222231746533135,-0.09449389773119468
2012-05-10,-0.022789049493664785,-0.07495545925665537,-0.13857314529597836
2012-05-15,0.09240607529491167,-0.03969370154731801,0.01108884284412001
2012-05-17,-0.15157074019103733,-0.07339120615667107,-0.04975762008565225
2012-05-18,-0.01480634155741312,-0.015471890460394778,0.0483261527506254
2012-05-21,-0.0739461148188825,0.0859089860883381,0.0871732717238704
2012-05-23,0.033654880009279825,-0.09259459610218744,0.06786553293747527
2012-05-28,0.0363816542987245,0.08916821275359382,0.20890347881581217
2012-05-30,-0.08807716230984748,-0.022241520026139026,-0.025910090864791454
2012-05-31,0.0619773163891065,0.016904313084270307,-0.09713331587038039
2012-06-01,-0.08040127330943977,-0.02387683503573406,-0.03071024267469228
2012-06-05,-0.04417132114131071,-0.06219319888534882,0.016216846686957775
2012-06-06,0.10374341750187031,-0.01498638047816112,-0.0940796340893843
2012-06-07,-0.062944406102993,-0.12978431021024942,-0.07589530451954717
2012-06-11,0.0027240068147862517,0.07350809039243107,0.2475922520494672
2012-06-12,0.017754672029811874,0.06283417087643403,-0.02927397511079147
2012-06-13,0.03728205043428828,-0.12382307066122039,0.031131328596051774
2012-06-18,0.023733938942397968,0.2144055037262742,0.15173124082494108
2012-06-19,-0.026937623995637774,-0.036153098512451305,-0.07275744282483514
2012-06-26,0.15480842745062381,0.05571519088601046,0.1495359760380349
2012-06-27,-0.15754451455072474,0.07751404829776455,-0.07163858836975354
2012-06-29,-0.0994855242451068,-0.15368496848567162,-0.21908646063012968
2012-07-02,0.014964498845357619,-0.2331741157947023,-0.18239066120678374
2012-07-03,-0.13412442023379478,0.0786364629284917,0.09858698756960856
2012-07-04,0.11781513888019358,0.11203338999245603,0.006326525750247868
2012-07-05,0.1359263346974844,0.12145947634835588,0.08658560779301776
2012-07-10,0.08934575060883215,-0.09009044327208574,-0.10760648451245833
2012-07-12,0.3512336191834597,0.1026365952798281,0.09079611922945394
2012-07-13,-0.34289255169527183,0.0016229405130144157,0.0781899970980853
2012-07-17,-0.006020945713949707,-0.09334701080872013,-0.01299306345923714
2012-07-19,-0.1671652479276746,-0.07600041980967197,-0.05422754355184621
2012-07-23,-0.05455669392221917,0.16470330473834613,0.05025416443343251
2012-07-24,0.08015231650018997,0.08759829220784869,0.1447924950919256
2012-07-31,0.2659193794830942,0.47152041937985356,0.3782740769608713
2012-08-01,-0.0373250436242866,0.0006658230883871957,0.08965163079115655
2012-08-02,0.07026686927110527,0.046814731406026544,-0.008457282674182295
2012-08-03,-0.015900176727082174,0.020343705311006523,-0.04507721880316597
2012-08-06,-0.011951627596802846,0.056258056762568474,0.024961200261080566
2012-08-09,-0.02625834706562912,0.05239506499729801,-0.07159983253088224
2012-08-10,0.11544151950943247,0.13650666337062597,-0.02065957080262791
2012-08-14,-0.045019442943771006,0.018075328867666638,-0.01959327049942719
2012-08-17,0.18189988660511888,0.09547502150791004,0.010383268534109457
2012-08-20,-0.019686649401975818,0.055672943311287186,0.1367321963602734
2012-08-21,0.07244322934048748,0.022653304453281405,0.059512392088052854
2012-08-22,0.17025596320171205,-0.1589307029448877,-0.09024227624665061
2012-08-23,0.15445370341790773,0.127002746874865,0.04803197909660128
2012-08-29,0.12451497117461303,0.14073049418575584,0.08929524089572187
2012-08-30,0.14569626706386518,0.15476414504907376,0.2141853343333772
2012-08-31,-0.11772179217165184,0.04182939230503276,0.042430486515769375
2012-09-03,-0.0033287755480125272,-0.049892785146292355,0.20322145587286328
2012-09-04,-0.1035197099951473,0.10712659293114428,0.04254119762629734
2012-09-05,-0.003601934754729658,-0.024369855653664414,0.09524349354132798
2012-09-10,0.0733775630133441,0.12409347116940696,0.16586022877277043
2012-09-11,-0.12447062220446786,0.22649580983696757,-0.027801437254548218
2012-09-12,0.18011574446999928,0.13108133626070584,0.24699266620081722
2012-09-14,-0.14150063414258365,-0.13273660270389365,-0.07107770385988674
2012-09-18,0.14848503295209414,-0.0437239715202748,-0.014655860537578579
2012-09-19,0.009233296294600846,-0.1062389487425651,-0.11281704430280397
2012-09-21,0.07481878068630861,-0.011136383361393285,0.12480445013217867
2012-09-24,0.21621198174766446,0.23160409775652563,0.08429622877541179
2012-09-25,-0.2774514891364344,0.027482333597411313,0.013691177533655792
2012-09-27,-0.10261144640430774,0.11880525505340919,0.06129608193843893
2012-10-08,0.17744907637959434,-0.010026350372370953,0.06307472513060328
2012-10-09,-0.12938940878523061,-0.16753614057494315,-0.1586698340552847
2012-10-12,0.026077256771930717,-0.007557570611763638,0.11144920615268557
2012-10-15,0.10192703745093543,0.10288679716649744,0.1640161011772771
2012-10-17,0.1737262275691618,0.05523719741066569,0.06377015925112287
2012-10-18,-0.00241209562986225,0.05956293698522402,0.05248449369511482
2012-10-19,-0.11726397666840198,0.020068224543644674,-0.04225514202470179
2012-10-22,0.06083165531087274,-0.0022114958361579727,-0.042786763026512506
2012-10-29,0.05741501783428563,0.09740673279512976,0.10825078625583447
2012-10-30,-0.06444179479403511,-0.021094386162118978,-0.02695893765332103
2012-10-31,0.13319281820407333,0.07409021768572588,-0.04640761919630901
2012-11-01,-0.03901202790689392,-0.007295218263536575,0.07551811252710519
2012-11-02,-0.013320707366375448,-0.12489843444101864,-0.16201889714722548
2012-11-06,0.035670859203643955,-0.020971067837913415,0.009870114668655445
2012-11-09,-0.09620412447235265,-0.11273393101433934,-0.08938321181217505
2012-11-12,0.18309204097558598,0.22523926401013275,0.18800301365835692
2012-11-14,-0.009392954615868641,0.0015907966160627716,-0.02727590602372797
2012-11-16,0.0848212710843677,-0.005608267841787739,0.2643370056194472
2012-11-19,-0.018240011208682787,0.10879930081987847,0.2640488125207778
2012-11-22,0.09497752761570781,0.07677220285566387,0.06870642646714561
2012-11-23,-0.19369422757839205,-0.21270565892058335,-0.053422322708120064
2012-11-30,-0.09002438765985538,-0.035705883070606806,0.033802777627757206
2012-12-04,0.06045760960780873,0.15726811987180872,0.16267677016976287
2012-12-05,0.06342241693318991,0.04160495305584318,-0.031101416377251303
2012-12-06,0.06652483908867218,0.002755616240964234,-0.0446497495218812
2012-12-11,0.13714733947340632,0.10875615572088557,0.05211213609626458
2012-12-17,0.004573847365540969,0.07743573496273522,0.11931320232304796
2012-12-18,0.14117461026621364,0.17748796611410197,0.08671926282527935
2012-12-19,-0.05038927185325844,-0.11701964026905946,-0.0645424616503161
2012-12-20,0.18484980406461612,0.09186444182057006,0.14303341340907919
2012-12-21,-0.1685505527471947,0.06940784661041315,0.039401077421185614
2012-12-24,0.04194762474659508,0.057999942356357845,-0.010382273360027948
2012-12-25,-0.1379338552430052,0.10474559762635305,-0.07623059389514861
2012-12-28,0.019779423999028076,0.3088324133908123,0.29847341752691103
2012-12-31,0.010635203056847313,0.05709307579793548,0.0831593981292733
2013-01-04,-0.06253371326461583,0.15720715906859942,0.13161647716202501
2013-01-07,-0.16351957146254953,-0.1401751845735498,-0.2023303602448058
2013-01-08,-0.05307393436214594,0.08680481295247106,0.09028549058375339
2013-01-09,0.06862717624249169,0.15306567779808794,0.18514054351872586
2013-01-10,0.11464546061160918,0.06218800404296393,0.025476995341687066
2013-01-15,-0.13628383118618145,-0.16901810241127574,-0.06210220263526583
2013-01-16,0.14836843230794794,0.16425058354358518,0.1426695173377829
2013-01-17,0.08396081593178666,-0.07602509738674657,-0.1511931415003159
2013-01-18,-0.07517711513304394,-0.11147539431265166,-0.009389518915823951
2013-01-21,-0.1661355372032207,-0.3315385591256702,-0.4455712410027638
2013-01-22,-0.012149063236663267,-0.1744928723795318,-0.11137897703133112
2013-01-23,-0.07260467368732096,-0.16225488991212203,-0.2285373071106217
2013-01-24,0.19708474554636593,0.12455034556321423,0.09971159515312808
2013-01-25,0.18714623320771165,0.2989964227545165,0.10101037365402424
2013-01-28,0.011410542480420071,0.05167492864834653,0.032800432565572926
2013-01-29,0.006844012058353487,-0.17168966562152502,0.01974831067652264
2013-01-30,0.11103997594463753,0.13166494591109393,0.0839275775267914
2013-01-31,-0.16146968927160646,0.021209495091872376,0.1319622440485706
2013-02-01,0.1396658049822956,0.07108667976923819,0.0854908994579312
2013-02-04,0.009692654325072297,-0.04954241030280584,-0.02348320869955709
2013-02-05,0.20123161293203812,0.02840034429135886,-0.05721964691941479
2013-02-06,0.19045026274521545,-0.02896239405820389,-0.036668036386642344
2013-02-07,0.11565979616586829,0.2067393057554902,0.11541465242460175
2013-02-08,-0.21168377764204316,-0.38422148462117633,-0.2684369784147285
2013-02-19,-0.04118781174486616,-0.09023434174300111,-0.049167167661995095
2013-02-20,-0.18579969131167312,-0.26710489360388556,-0.07228927202209093
2013-02-21,-0.183229006852558,-0.00316071190365153,0.032245413654527655
2013-02-22,-0.10077625440083336,-0.09959338388658866,0.06363268791340404
2013-02-25,-0.16938549355016433,-0.07396942604264566,-0.23998062784543078
2013-02-27,-0.04308347163890259,0.33180441903190283,0.2915796907161084
2013-02-28,0.1071873112839689,0.08390877180800684,0.13761757758413362
2013-03-04,0.05042187112001966,0.1685686032643666,0.05900566118592032
2013-03-05,0.1285598253990082,0.23545322266764826,0.045128179073277055
2013-03-06,-0.09392168077555754,-0.13562119522567112,-0.02053962888733745
2013-03-07,0.008888391774684723,-0.014736027359911575,-0.013312865793367549
2013-03-12,-0.102624678494639,-0.089818146903052,-0.1285001395732922
2013-03-13,-0.018621450661148904,0.1405269917656924,-0.028545079456129333
2013-03-14,-0.019784240516448486,0.0604882482868052,-0.012500225453645396
2013-03-15,0.03343164528444829,-0.0009178241092452252,0.05752172611178146
2013-03-19,-0.42064755183960784,0.04523594057549985,0.06980007413669521
2013-03-20,-0.2682598637521775,-0.050643486286788705,0.04189347832279383
2013-03-22,0.011274723754016735,0.12244640330503316,0.09374362307706276
2013-03-25,-0.23946753552796893,-0.23554961943225067,-0.22465041143879946
2013-03-26,-0.06831168606897653,-0.059470533648697047,-0.0005596708736905154
2013-03-27,0.05147378076282221,0.046640779834630906,0.03721670331542697
2013-03-29,0.1473801549281679,0.024457504899855424,0.037724432651419754
2013-04-01,0.2559744343260438,0.15348461653904985,0.06990608534742777
2013-04-03,-0.10096071371643614,-0.16544243124561728,0.05552562632610013
2013-04-08,-0.15185841777670067,-0.004386021116882082,-0.09187748870981699
2013-04-09,0.009476466995947409,-0.08737714910415707,-0.012842930242235127
2013-04-10,0.09091806338653949,0.03700956517472973,0.12091665862226758
2013-04-15,-0.09515886967644839,-0.11446585665927737,0.014221045834107921
2013-04-16,0.08261206061830756,0.0807679070344324,0.07126672501355641
2013-04-18,-0.12509141131940119,-0.049406476641937,-0.12543833705858878
2013-04-19,0.13840292419839823,-0.03189061350875427,-0.008086527443922282
2013-04-22,-0.12254684493304262,-0.21985087259501992,-0.12762815176156153
2013-05-02,-0.041743058929943386,0.06413651345110381,-0.08264700727646639
2013-05-03,0.1756189766420396,0.1795004452267718,0.13320826301695865
2013-05-06,0.036151075049414186,-0.06244847887557091,-0.1232230538267892
2013-05-07,0.13405063097256442,0.09423996355927837,0.12990851905932824
2013-05-08,-0.038260535230143916,-0.10658743240212051,-0.01282647506768095
2013-05-10,0.07728543903973059,0.14544928164882626,0.137396192522761
2013-05-15,0.0914200788568538,0.012118319166496241,0.033356257228329037
2013-05-16,-0.09290202484541442,0.004511417399962286,0.09948418453534927
2013-05-17,0.12059152882299877,0.13530188567775797,0.12909905631605273
2013-05-20,-0.04945174176730225,0.05236868835265492,0.21046462835482668
2013-05-21,-0.06996657482006999,-0.14212868247337856,-0.1210119515071863
2013-05-22,0.24965679077965738,0.23187322580807304,0.10341029448553309
2013-05-24,0.12906047206517152,-0.06878565783354397,-0.09501558990866844
2013-05-27,-0.09604738273108974,-0.0200622052445213,0.09737932004958418
2013-05-28,0.22214213013041978,0.0513923202637085,0.29716524166961084
2013-05-29,-0.01875993577230394,0.04594488606175068,-0.3366787627243503
2013-05-30,0.022627014263993703,0.12446771948994086,-0.04064266077243373
2013-06-03,-0.22922702664072156,-0.07993541878567657,-0.01685998545767064
2013-06-04,0.050130324231524484,-0.05481844803296935,-0.16864931933656832
2013-06-13,-0.36296861220202703,-0.2298989961841232,-0.3986425943685289
2013-06-14,0.019879818313653708,-0.09334949914852919,-0.05005195779948968
2013-06-17,-0.20715349577065334,-0.0689264107234932,0.09134527468694435
2013-06-19,0.0638225010055585,-0.21660063676896782,-0.13435714098661547
2013-06-21,-0.11815652728876427,0.030707049517515368,0.005126590033408549
2013-06-25,0.34685208476567836,0.4951298924788225,0.464679099583446
2013-06-26,0.05346650391527406,0.18389728035327849,0.029475914186020875
2013-06-28,0.18712904770077965,0.17653177539014808,0.07745233402231462
2013-07-01,-0.15207544305901272,0.07723219599172551,-0.021806178200358607
2013-07-02,-0.12444887457418077,0.09666098902046727,0.08839349298489071
2013-07-04,-0.23355426359071949,-0.29822541533206465,-0.039356723012884044
2013-07-09,0.18009128730767143,0.27313419946881673,0.09486903534985935
2013-07-11,-0.03239782275757865,-0.10374000713269088,-0.13873980050250354
2013-07-15,-0.012641548004469977,-0.0271420351237335,-0.1161185121805637
2013-07-16,-0.13381675049599756,0.1640446547676442,0.11640175924978281
2013-07-22,-0.24738516815608474,-0.10697441486731002,-0.15620911569424412
2013-07-23,-0.044287019799608474,0.02308640475555242,-0.07142049576869358
2013-07-24,0.1595610033333979,0.28311540575473326,0.02926640766344336
2013-07-26,-0.013493895525170578,-0.012684897620420717,0.016190466097098604
2013-07-31,0.2224431595338755,0.08849528172225642,-0.006995186093836868
2013-08-05,0.1401241066334285,0.06746726840918119,0.05616642255802046
2013-08-06,-0.09454321638053197,-0.20866581424478706,-0.16034990485051112
2013-08-08,0.06738550478501394,0.24977706013323228,0.060732646913369145
2013-08-12,0.022758276097743092,0.052968267755821946,0.2116958177663973
2013-08-13,0.06405060947181547,0.11268650170193943,0.1757325560525184
2013-08-14,-0.08070766820795226,-0.10988627976610177,-0.1847308597989852
2013-08-19,-0.1400162213256399,-0.12294637400485707,0.04457688989867514
2013-08-20,-0.0571230837280986,-0.0534063508124709,-0.004101449709126444
2013-08-21,0.1535840489180574,-0.10213361552378084,-0.03634923837463531
2013-08-22,-0.07257633639461039,0.0722567823376174,0.0787078582631677
2013-08-23,0.3428809371545968,0.3145532131550589,0.11979660101718899
2013-08-26,-0.018413000165174987,-0.15605266854845523,0.002256761433193913
2013-08-27,-0.1280123971997258,-0.14946290553247982,-0.20397818742601856
2013-08-30,0.11621461435509879,0.12118454723530293,-0.11809220398737756
2013-09-02,0.24896779798485708,0.2137110097797943,0.20615286280783132
2013-09-03,-0.017981178422774968,-0.16548001204526208,-0.20258244307791648
2013-09-04,0.05371350841578578,-0.08073806294767145,0.040800353621029434
2013-09-05,0.0943054536746282,0.2179855042083509,0.06001805999885955
2013-09-06,0.15004683895247647,0.14687889137911983,-0.06165490447455255
2013-09-09,-0.007533446510487627,0.0732179562725895,0.17455163536635235
2013-09-10,0.07526532413023426,-0.16079072818452642,-0.2044503810497657
2013-09-11,0.26705482041407,0.13165794326967142,-0.018362439255426872
2013-09-12,-0.10364876602406665,-0.14779674986774308,-0.1636636801579481
2013-09-13,-0.08539960292499857,-0.20091061352810588,-0.13169991893757416
2013-09-16,-0.2653364256255458,-0.32827073448875577,-0.2773997141958262
2013-09-18,0.2003657093569352,0.1719151462689669,0.22057986184445003
2013-09-23,0.1539045747481881,0.023316342985423715,0.0801217698215491
2013-09-24,0.06890623858379152,-0.04398925807762158,-0.13954254379125455
2013-09-27,0.026128877971686015,0.1977239793663309,0.08462141176489292
2013-09-30,0.05225433679329671,-0.08315820358874867,-0.03352618205027144
2013-10-08,0.061471996676756006,0.038110900452365294,-0.01877770200739932
2013-10-10,0.07405182847423686,-0.05062897708626412,-0.060307575703474316
2013-10-11,-0.11015210685887179,-0.19490618375451177,-0.20257290201470352
2013-10-14,0.02134450014689063,-0.04077297902228615,-0.1224848413493227
2013-10-15,0.0034078876306451057,-0.020370353146525855,-0.06296123221608478
2013-10-18,0.0859267718978479,0.02471423398679661,-0.03203257168143855
2013-10-21,0.24826967872007824,0.10118940243681708,0.12189178285696954
2013-10-22,-0.08303877499846937,0.039324782239199156,0.023185732481981296
2013-10-24,0.0910303832318306,0.2355591835382605,0.18716914439931803
2013-10-25,0.026429464848443388,-0.023438510687303068,0.04502439340928358
2013-10-28,-0.01731452344233806,0.13068811728310575,-0.01261547049112601
2013-10-29,-0.0014078704936161279,-0.09721378792916208,-0.04181103905392226
2013-10-31,0.14490865832188865,-0.16546675527266422,-0.16900212480218157
2013-11-01,0.23260472444121086,0.1020386804303919,0.08339541810711226
2013-11-04,-0.2155593535164365,0.017705337210523166,-0.1143045130350973
2013-11-07,-0.0405192375483742,0.06545950783889228,0.20669403935506217
2013-11-11,6.717582209101149e-06,-0.012950349904366084,-0.06622513592056352
2013-11-12,0.01438901160281295,0.12658423299654933,0.15677455058667686
2013-11-14,-0.026911998908607106,-0.025504268688717302,-0.1355271282121417
2013-11-15,-0.18544010681614956,-0.05631514029189926,0.022616299465492727
2013-11-18,-0.020946271512922963,0.1302674392180775,-0.05096031485653785
2013-11-20,-0.05782782844669216,-0.33007132554716023,-0.11860455675277438
2013-11-25,-0.04664010325524621,0.07179487666127835,-0.043273210533674486
2013-11-27,-0.03684359667396899,-0.13577288185084038,-0.048818432199168184
2013-11-28,0.23465705539344522,0.08221450489663534,-0.022313800252480656
2013-11-29,0.3667107161753267,0.3351290635825348,0.098230434427089
2013-12-02,0.2759362140785033,0.25744650960633925,0.30449604883568826
2013-12-03,0.02241882446933275,0.029337950553765577,0.028671577955297962
2013-12-04,-0.04535059217629075,-0.0868902327064765,-0.007109054687490324
2013-12-05,0.05870862712683913,0.16249432819018778,0.10639327532178108
2013-12-06,0.18152282833623976,0.17071299423012812,0.18320977781369818
2013-12-09,0.13752477178658656,-0.039676418389759584,-0.06733705265261566
2013-12-10,-0.03557580779804582,-0.01920314557555743,-0.13017847210647004
2013-12-11,-0.06017329615758266,-0.0973992984710222,-0.26890512069060607
2013-12-12,-0.10075959699579726,-0.09601588598027418,-0.01093452605989415
2013-12-17,0.003208897582738575,-0.03142961331038467,-0.07406838940978765
2013-12-18,-0.010624927263024627,-0.02269112152830145,-0.09243479508428422
2013-12-20,0.04449307990454445,0.077318539646322,0.038364963255719864
2013-12-23,-0.0014903755329801712,0.03461376997172835,0.04240134344626518
2013-12-24,0.08804454522248663,0.07023215239605445,0.07507247641253928
2013-12-25,0.057379364933450805,0.138258157272099,0.1805927578584789
2013-12-30,-0.060345985701667555,0.09443684123307089,0.023759892953838457
2013-12-31,0.1478406772540008,0.16672125824508444,0.08916802053111213
2014-01-07,-0.03337038839105851,-0.11400287523258586,-0.15081472876052773
2014-01-08,0.04559715398052552,0.007975549841948799,0.18232811020219417
2014-01-13,0.24116787752565147,0.13161492521794566,0.2623553865455834
2014-01-14,-0.34902062689073227,-0.16785061517483144,-0.17224497397042826
2014-01-15,0.03389463466899494,-0.1385603690895929,-0.08760823945808172
2014-01-16,0.06503054473095143,0.06737522433656372,0.08690413630048965
2014-01-20,0.07462106216525703,0.08650388971560734,0.16314481159210362
2014-01-21,-0.06839333998881066,-0.08112623512071883,-0.058755897081465315
2014-01-23,-0.04949153303892257,-0.08367564280245615,-0.040950022822392296
2014-01-24,0.02617279574931087,-0.021232293988772452,-0.12923381929291275
2014-01-27,0.11742373566118525,0.15313747257226054,-0.013746793030284433
2014-01-28,0.14308635124176072,0.15767015224677136,0.10780082495583532
2014-01-29,-0.052161093932871286,-0.08399044549211265,-0.04025526724119606
2014-02-07,-0.19965979636209735,-0.0947516925241419,-0.04520317098595172
2014-02-10,-0.2189976016194819,-0.10535576419329687,-0.017627881179479298
2014-02-11,0.13206973513837644,0.0389250834715565,-0.08411160267033418
2014-02-12,-0.12644261699307033,0.02374039360097869,-0.10366118966826829
2014-02-14,0.039561252618963254,0.14060310344485938,0.2543046764702764
2014-02-17,-0.20708791145131877,-0.06576441803073885,-0.05345914195227862
2014-02-18,0.11966901218984131,0.13421846511027147,0.07700247235749456
2014-02-21,-0.17468890033950948,0.13866844288205182,0.026784365687526943
2014-02-24,0.39751384164709314,0.21713160558896713,0.17108740498030284
2014-02-28,0.21968344804646772,0.20569315311371045,0.06754682649531947
2014-03-03,-0.022134374125959748,-0.20799262382458747,0.03542310677775166
2014-03-04,-0.05931591558609981,0.16587011835777624,0.07048096358056224
2014-03-06,0.01273294273175865,-0.0874618298697239,0.032316394614891754
2014-03-07,-0.06347404909925097,-0.10683855113753431,-0.029031942773409116
2014-03-11,0.003894195445694047,-0.014102341170091707,-0.044050835061700155
2014-03-13,-0.07294825415435027,-0.0707275469933575,0.1401376483239121
2014-03-14,0.13923876632678564,0.12406749022600769,0.11662116687072897
2014-03-17,-0.09598710558760315,0.22658796163773506,0.3102484238290727
2014-03-18,0.02215120648298411,-0.10359642167740947,-0.058380259164939566
2014-03-19,0.07723876997853896,0.10855857051286277,0.14752798682424845
2014-03-24,-0.06498594633698919,-0.12332601886368524,-0.13641020409084775
2014-03-25,0.03196222908591662,0.26390991623609344,0.2444171526312269
2014-03-26,0.03184022692905588,0.08746256645946997,0.026398012527836967
2014-03-31,0.17139269097118276,-0.11399192130824742,-0.044253883670214336
2014-04-01,0.21223295122548588,-0.05756391254495005,-0.021415322168389393
2014-04-04,-0.15057276887979734,-0.1142935139762939,-0.16733397492737984
2014-04-08,0.19647161388884815,0.10287237283543302,0.004746946231884051
2014-04-09,-0.04338877790805298,-0.06564718335878147,-0.07462520161354906
2014-04-14,0.04703411759238608,-0.007477474959146423,0.17086844382763133
2014-04-16,0.06707987465338881,-0.027425788991534916,-0.0366873313167386
2014-04-17,0.04808204405269172,-0.11114357332642456,-0.1028976089188611
2014-04-18,-0.025976313519083753,0.0426649231698915,0.007218793941977304
2014-04-22,0.0463826439177486,-0.13863755089368196,-0.01262100233050824
2014-04-23,0.1290973245598393,0.07367674287034513,0.11671496024571296
2014-04-24,0.01185151707062348,-0.013229143071502402,0.049317043197739246
2014-04-28,0.003924204286641238,0.37278939115522003,0.35824659569561434
2014-04-29,0.03217752157865284,0.021606567404715095,0.03571211536498174
2014-04-30,0.10997497384855787,-0.09014861688539592,-0.18910002995129227
2014-05-05,-0.004959223850313289,-0.1002502268695391,0.020330008037490598
2014-05-08,-0.054087667798394266,0.05230395519267745,0.005810333848725005
2014-05-14,-0.062978019869497,-0.03677697045260905,-0.06415871972104797
2014-05-16,0.048865628989342866,0.05284184237704361,0.14743646621701478
2014-05-19,0.18905164778522476,0.05092376322039564,-0.06158504300982015
2014-05-21,0.03839862204517627,-0.0368268254463493,-0.023971031144790447
2014-05-23,0.2418416048751886,0.024049910412405128,-0.017400702554394628
2014-05-26,0.057252729830715395,0.1115206920359574,0.16483947371050006
2014-05-27,0.14973938547081117,0.021255712762035098,0.05650970341226088
2014-05-30,0.12777715335140732,0.11047232189608301,-0.014766210803072787
2014-06-04,0.1871886769091058,0.22223502565491432,0.09919230256943935
2014-06-06,0.09324422104299354,-0.05332096174002374,0.00015530181982517058
2014-06-09,0.13991763299864382,0.18924321547852674,0.14736614078087515
2014-06-11,0.06694402040030509,0.02726722454636669,-0.03813836547256167
2014-06-13,0.08762546653364262,-0.04443148863348887,0.02438589474914195
2014-06-19,0.028979575848261684,0.04677388289530447,0.041802502902545814
2014-06-20,-0.025645504192722136,0.010316788480922698,0.07097945767641559
2014-06-23,0.11052084424415036,-0.025506209065012657,-0.1609206710379697
2014-06-24,-0.04139374524209345,0.08177570093524929,0.05222139247698583
2014-06-25,0.07470795128105888,0.12660164340729924,0.14953485939477032
2014-06-26,0.04537395715388268,0.013535069145117786,-0.03741773190384838
2014-06-27,0.050139635708882,0.000660523597808327,-0.11230035199876195
2014-07-01,-0.00994061061332047,-0.018771507851811916,-0.012380831878252042
2014-07-03,-0.02675787824665752,-0.052415932323284085,-0.1278925289751948
2014-07-04,0.027519719999619042,0.057477964439652536,-0.0699208225537628
2014-07-07,0.12796695441007824,0.056835416661276,0.19742407801681602
2014-07-08,0.010905464504903489,-0.027477988138103385,-0.04170695486175403
2014-07-10,0.08277130713101154,0.058629477618248896,0.028301679718162658
2014-07-11,-0.007332788859428039,0.01857330596240629,0.0018248586931630122
2014-07-14,-0.0760233837699632,-0.08683497813592511,-0.2297450750563716
2014-07-15,0.005604909852639402,-0.017879632226324816,0.01745731326885901
2014-07-16,0.12558078531906844,0.034950410339078815,0.020452026901142027
2014-07-17,0.05169956390096386,0.06697241528425747,-0.0031358246164189273
2014-07-18,-0.14866719119971064,-0.1864014952387859,-0.17891967118269952
2014-07-21,0.29256940810108933,0.23266353458393926,0.10577248066044123
2014-07-23,-0.01442864186718399,0.005499151782590314,0.022046702679388918
2014-07-24,0.037629496956611976,0.0015375429175384933,0.014903716979324577
2014-07-25,-0.06883854545367384,0.0028968284723834485,0.016023842872496575
2014-07-28,-0.12102655166645783,0.007545317548266017,-0.08101359787914322
2014-07-29,-0.04110775124056533,0.0014080502440067676,-0.10350018364746283
2014-07-30,0.2388630061106417,-0.06039223685394844,-0.03331059472786188
2014-07-31,0.0043800280765821705,-0.1639899129865067,-0.16613726363664208
2014-08-04,0.00513770962840418,0.18678026608030832,0.16382246415522977
2014-08-05,-0.23119715355707918,-0.24642288730549772,-0.31348374118926114
2014-08-06,-0.12869401972884187,-0.11721647451656649,-0.1347164242466134
2014-08-08,0.1084931404980635,-0.05721967756268747,0.0035445377525832023
2014-08-11,-0.012614813522491872,-0.013778502834041263,0.08160131350978743
2014-08-12,-0.019193496921588764,0.18774291599490336,0.09440819899024787
2014-08-13,0.07105957142332192,0.048967247659571764,0.02912092197442732
2014-08-15,0.08490255505665058,0.0773092917556164,0.1061726171666536
2014-08-18,0.03816505319098368,-0.07417274925198937,0.0053539569563299545
2014-08-19,0.04248870787712109,0.022796963965905588,0.03730124351400557
2014-08-21,0.0576372255209372,0.13721949716031348,0.10417265239074291
2014-08-22,0.025064950945307557,-0.001710735324177614,-0.043704458744640594
2014-08-26,0.08680618792455165,0.24591446023562563,0.1441116375016515
2014-08-29,0.2950537462529693,0.007224774282562417,0.23285612577840448
2014-09-01,0.08449053913324979,0.09277419199610526,0.10510661625477317
2014-09-02,0.026887516057029093,0.173288015443966,0.13445254525063427
2014-09-03,0.09334503846977589,0.029886875557578532,-0.05628793765836448
2014-09-04,0.02034788952429473,0.05708254569275361,0.042145573260460756
2014-09-09,-0.25139424488303636,-0.01062437670428111,-0.08706748155276364
2014-09-10,-0.042258049087271245,-0.07841219863304918,-0.12358217815478453
2014-09-11,0.07340765985714226,-0.04887536921066462,-0.0027287088176496154
2014-09-12,-0.058558527529763635,-0.09338745226668749,-0.04474633952929829
2014-09-15,-0.16888736755616388,-0.04021465185603279,-0.05247991532599103
2014-09-17,-0.08512349815684146,-0.07785916036327654,-0.1884114473789508
2014-09-18,0.05935099666195304,-0.053620534262071785,-0.07783245872243953
2014-09-19,-0.1351202288017074,0.008110018782507236,0.06264167393199652
2014-09-23,-0.06327432816435238,0.05833164608220288,0.09919011945738003
2014-09-24,0.0345331574384283,-0.0329644984789078,-0.023485744932052858
2014-09-25,0.016698355398181482,0.12810573188604915,0.12399837362832948
2014-09-26,0.015814915033805322,-0.04108795420081011,-0.06621248911243037
2014-09-30,-0.07476253541595697,0.05443225030896051,0.015821574853693687
2014-10-08,0.03553362444196196,-0.007509023530103726,-0.034348601101792796
2014-10-09,-0.03543840854868713,0.01269205941865504,0.20423052246892187
2014-10-10,-0.11952097858151056,-0.10879118229341832,-0.04477302430162052
2014-10-13,0.2549065244541316,0.09325095805435579,0.13387748935735413
2014-10-14,0.18628078150183422,0.126652684013724,0.00574389330377722
2014-10-15,-0.0660121324989725,-0.062200392110346565,0.09284321806488241
2014-10-17,0.14881574250122212,0.17374831435793356,0.2015626003843841
2014-10-20,0.06796855187774208,0.07742785124330724,-0.044596944296699206
2014-10-23,0.0668934416913409,-0.17678466988057093,-0.12219334371849105
2014-10-24,-0.15420659196938155,0.08411008483724326,0.010283643802397748
2014-10-27,0.02132387274721495,0.08430318667788107,0.11242381045835893
2014-10-28,0.06991306216617324,0.11223324376998964,0.1748829163150845
2014-10-30,-0.12322531461860008,-0.1772184227977469,-0.3174210392111124
2014-10-31,0.3021822649370714,0.12420168474752709,-0.06549808523632367
2014-11-06,-0.033779956597265376,-0.04789886296992722,0.004449502108747077
2014-11-07,-0.33399194224852435,-0.3082824835424338,-0.2712371817318855
2014-11-10,-0.17211247905800017,-0.13478530267024075,-0.04755715435927434
2014-11-11,0.19140055985358392,0.24120133883425052,0.11975183102716616
2014-11-12,0.191303277278828,-0.19921019294821898,-0.02006663436269389
2014-11-13,0.03865995546640407,0.09784988450636192,0.2152520205969394
2014-11-14,0.13257092747907662,0.20530212834818296,0.158219543380299
2014-11-19,0.13700749314028418,0.17032917003880466,0.18873073137340304
2014-11-20,0.046069680906378446,0.13686482611031997,0.11313941926134967
2014-11-21,-0.06131705099894187,-0.18755584573223422,-0.1816492362621594
2014-11-24,-0.1078471136819842,0.14226589379741125,0.14536360932756323
2014-11-25,0.05963886481117708,0.09460887781162565,0.18456374771673825
2014-11-26,-0.07016674448561368,-0.10566713172909638,-0.16715037518111237
2014-11-27,-0.09453859251377715,-0.2273507381872133,-0.17110350127431848
2014-12-02,-0.11532201217616404,-0.30509389703600076,-0.282661661293027
2014-12-03,0.35768687841839575,0.23931088954703378,0.33620740512430874
2014-12-04,-0.1430550893300018,0.12734039790664584,0.04318747753409884
2014-12-05,-0.0028056668727183265,0.24204834784061238,0.12057652885813323
2014-12-08,-0.1272776155982501,0.0040646161056751414,-0.3096842301514184
2014-12-10,-0.09951251840842741,0.2294749148670208,0.08733323844143706
2014-12-11,-0.06424929138654313,0.18679230622671486,0.27773270263485134
2014-12-15,0.010321707373882829,0.15486358465929434,0.1577715307798119
2014-12-16,-0.516897075767825,-0.3792838894230589,-0.4373500090979632
2014-12-17,0.23885283673927982,0.1659099302886072,-0.13304664765633042
2014-12-18,-0.24820210355060204,-0.24600056410821575,-0.1445508582652771
2014-12-19,-0.02439609994619155,0.1887004458701825,0.14531690513839146
2014-12-24,0.06465533706693624,0.07784468915581723,0.12866302411109953
2014-12-25,-0.30081527196657876,-0.43816902834358534,-0.15442425233447923
2014-12-26,-0.04707424746761085,-0.325019125478137,-0.19791494787369687
2014-12-29,0.08907168402303338,0.23427876071644888,0.22839006864161038
2014-12-30,0.09993807679821311,0.2001778724269385,0.10930183689237447
2014-12-31,0.1248638659727578,0.08815708968510355,0.056437402954278695
2015-01-05,-0.33277411099735926,-0.3975066669189972,-0.39477821658408413
2015-01-06,0.041059594298861496,-0.2113916178258265,-0.33172172232385205
2015-01-12,-0.11333425186884992,-0.06226329721042606,0.013145829411239904
2015-01-13,0.06990698554272796,-0.16233695604686987,0.021844644939874282
2015-01-14,0.14185817538193926,-0.07566012328232748,-0.11417141649220652
2015-01-15,0.20031196981355978,0.4112924347314235,0.36561696764820717
2015-01-16,-0.37403110895609964,-0.3251630278443349,-0.347874218044587
2015-01-19,-0.08429216115161882,0.026255124854728383,0.024857059676165024
2015-01-20,0.1777658829136772,-0.08077540853631715,-0.19627066568931456
2015-01-23,0.09232830906641672,0.10109038580748682,0.1523324273441011
2015-01-26,0.1579487261369299,0.24406329696780055,0.15489141335256462
2015-01-27,0.031897051238712906,0.02680311944398343,-0.0018509282769516447
2015-01-28,-0.009222579809231718,-0.0066466842544553656,-0.07364192393004629
2015-01-29,0.15074223430799938,0.23527126729524353,0.1518558996045646
2015-02-02,0.15659388431451804,0.0016660659843862466,-0.11599634920710086
2015-02-03,0.10279860541915783,-0.03860619360722583,0.026353811316112925
2015-02-06,-0.3293648353801333,0.08736539082354439,0.12333100715064416
2015-02-09,0.12164401069138076,0.4343597915809185,0.4102687384187312
2015-02-10,0.020350022933417408,-0.039304413574584536,-0.02629447793171326
2015-02-11,0.1185344137687834,-0.015913821868056097,-0.1696522820557651
2015-02-13,0.15916481011416464,0.030021908389634804,0.08886321435259782
2015-02-16,0.12105840031634633,0.04025247538036189,-0.15607275347211577
2015-02-26,-0.16303699814750167,-0.11465019287413399,-0.07207503802959396
2015-02-27,-0.1550498847796378,-0.2925243110743581,-0.2053359114047208
2015-03-02,-0.32868622495377775,-0.2694409982687549,-0.2351561558929686
2015-03-04,-0.12211171982241088,0.01022116179463341,0.1063515055425387
2015-03-05,0.10827465993860863,0.06849701123463518,0.1336493040998536
2015-03-09,0.08972965814723975,-0.028273289437947737,-0.11589920331605635
2015-03-10,-0.015198835886537596,0.02150395033658867,-0.029486760393697416
2015-03-11,0.1685784759129955,0.21628562589122058,0.0990992017344331
2015-03-12,0.21083261616624185,0.27423493297782753,0.229031060778959
2015-03-13,-0.09981005668332982,-0.18406661094160975,-0.16436353708941615
2015-03-17,-0.06465266486796621,-0.03566513577955225,-0.010464173507651768
2015-03-18,0.11118078110824191,0.14270027829035098,0.13611626137803842
2015-03-20,0.07905838290174358,0.04529643158403653,0.013572674774881765
2015-03-23,0.03424853581036696,-0.024114098103403463,0.05239496234167735
2015-03-24,-0.17902616892103573,-0.052326144853379886,-0.034803498370656716
2015-03-25,0.22664611367155746,0.05897218233495984,0.19298882999440517
2015-03-26,0.10768914864429371,0.19848617010690037,-0.0119313265091064
2015-03-27,-0.06716481091687485,-0.1180701499664916,-0.21768101000391427
2015-03-30,0.04155682332475768,0.1495945919310519,0.10945843944085432
2015-04-01,0.054021505178321,-0.06643108393548458,-0.020062781704702916
2015-04-02,0.08781319801409616,0.20320760960881304,0.0480817117693439
2015-04-03,0.09397058200583547,-0.006345972434346702,0.02137191663288883
2015-04-07,-0.40246733950133057,-0.25939870519171915,-0.10348112036025564
2015-04-08,-0.23009755728702927,-0.11960528873600723,-0.07485983903008517
2015-04-09,-0.006101993479772181,0.09082849356549476,-0.06023353993368232
2015-04-10,-0.05588778327114785,-0.20114341950952414,-0.19171673776644496
2015-04-13,-0.19472452245451596,0.11331582839471095,0.0030572425475340237
2015-04-16,-0.05026143501943581,0.1700225062294028,0.157222088256571
2015-04-17,-0.5326582388331289,-0.29333763355613934,-0.34216341341304113
2015-04-21,-0.052035201351102005,0.18308081947628976,-0.03468047166163101
2015-04-22,0.19407068430976682,0.03797558646960189,-0.004775753031271149
2015-04-23,-0.25893075841114843,0.04126564782697614,-0.0020365137823539483
2015-04-24,0.07935468071538053,0.08929452699334567,-0.1241808737636818
2015-04-27,-0.11474662348721451,0.07668089861324057,0.22547397271267805
2015-04-29,-0.2462372092050403,-0.22589430521136072,-0.4396196560783378
2015-05-06,0.04245074219380399,0.10978154572960683,0.04092454163763438
2015-05-07,0.13603579053189566,0.23710635988828413,0.23078212557977018
2015-05-08,0.0057918230946864095,-0.026141471805746767,-0.013399460997436668
2015-05-11,-0.11031412438060864,-0.3611342732210227,-0.26155318417193485
2015-05-13,0.10853118749027843,-0.038326122604306234,-0.07843492131580451
2015-05-15,-0.34324786075523134,-0.0791374094025781,-0.15514652996077405
2015-05-19,-0.15839440098708948,-0.20806273331066402,-0.22773645064524825
2015-05-21,-0.06369772562556059,0.13664325560731572,0.18764143581088324
2015-05-22,-0.24171758074570449,0.1499320195968754,-0.0038329467560099012
2015-05-25,0.036835072465138494,-0.04463986599664992,0.03309882747068677
2015-05-26,-0.007759085868841406,0.1901321324586309,0.04474917732041004
2015-05-27,-0.07599162882558558,-0.2521482978348211,-0.09962703464063197
2015-05-29,0.053054472916163185,0.019148459570829158,0.09386104568578364
2015-06-01,-0.14832888673677985,-0.08173310856414555,-0.08820307079915492
2015-06-02,-0.05990261370063662,-0.11164083344021487,-0.066687752855723
2015-06-03,-0.03990446847652748,0.11716242557528785,0.09346692774016933
2015-06-04,0.0015527622497508518,0.06899880286153728,0.07424449894678088
2015-06-05,-0.14065799217916983,-0.08407965775552816,-0.10662507167585326
2015-06-08,0.1534267954499799,0.2520250417595745,0.05362427811081496
2015-06-09,0.09817577478932293,0.1668232751882624,0.04919025078533242
2015-06-11,0.0036259815665317754,0.07575315835320635,0.04567885686752812
2015-06-12,-0.1590208321882878,-0.0893195897260722,-0.08329500145370204
2015-06-16,0.29257041637171555,0.07836876390276035,-0.0328507899211314
2015-06-17,0.03364379538072972,0.18684564965349523,0.28650212051731627
2015-06-23,0.02369337979094077,-0.1623693379790941,-0.16951219512195126
2015-06-24,-0.20889822725198626,-0.18822206252575105,-0.1562829308858326
2015-06-25,0.03727101385138834,0.12215115453681678,0.24716245662032788
2015-06-30,0.11301865675375801,-0.078749360591611,-0.13923898512062988
2015-07-06,-0.23778881444375263,0.13286070915526588,0.2163262355731848
2015-07-13,-0.3412438185980673,-0.31033239727927764,-0.4564950809003895
2015-07-17,-0.3997740837073745,-0.4899449989822961,-0.31578689319153674
2015-07-22,-0.20773107914874608,-0.09256380806316228,-0.07795510854158044
2015-07-23,-0.03852925462396948,0.0473188251823008,0.013359905048613197
2015-07-29,0.024058335236548333,-0.10226793805044793,0.04002266605949573
2015-07-31,-0.5674214135810676,-0.009739870529466807,0.23622668959343385
2015-08-03,0.7165021121564651,0.6350999129185269,0.5857594168388316
2015-08-04,0.0890167206805478,0.2877296275364688,0.26664173863510815
2015-08-06,0.2697583774771962,0.276835396286635,0.14156410632119584
2015-08-10,-0.20428119689552435,-0.19762106426542064,-0.14862317206253622
2015-08-11,0.04793813028484486,0.0021335586766789956,0.0008483259227382676
2015-08-13,-0.07157452300751596,0.0397333415565107,0.31929179181015105
2015-08-14,-0.07454055713199803,-0.02881132086896163,0.07949909084909194
2015-08-17,0.24901768131474195,0.1087945242892006,0.16360590670586445
2015-08-19,0.17674600726390113,0.15646799391599855,-0.027840555053026447
2015-08-26,0.21269119365748088,-0.12293581574451086,-0.12828749926572713
2015-08-27,0.10853412483698416,0.09672205131371617,0.2144148128680168
2015-08-28,-0.09857168047963323,-0.0019984717568917888,0.051989654969729036
2015-09-01,-0.21975457322249653,0.44420958550517387,0.2367418892135841
2015-09-11,0.29336422560972714,0.12051644898963486,0.09131543926083104
2015-09-21,0.0007337854703929582,-0.03946129451070564,-0.06889856995757537
2015-09-22,0.19297784430740872,0.16412817932539234,0.022821665304490358
2015-09-23,-0.2381580135832484,-0.021488954262847013,-0.26120809137144413
2015-09-24,-0.174005494657671,0.027813235582672086,0.11350307218087388
2015-09-29,0.08108786721848411,0.05748908485500878,0.030100408119166512
2015-10-08,0.13180123568351532,-0.012425430006024179,0.04682893609580042
2015-10-09,-0.051959075681093723,-0.0024074147652403508,-0.07988716033431485
2015-10-12,0.17980213911891582,0.07572842113841806,-0.01737298401093946
2015-10-15,-0.058029768932350706,0.1985795049218768,-0.012277662546606257
2015-10-16,0.14355501243947236,0.06762545406764073,0.30334512109287437
2015-10-19,0.1591386919095989,0.1514669601453518,0.21570643391614466
2015-10-20,-0.15977269018742446,0.03278687307891268,0.1833622994946491
2015-10-22,0.011946408650588188,-0.034980396614422544,0.1662915775229115
2015-10-23,-0.2399887790040948,-0.16012470055118083,-0.01835684154901732
2015-10-26,0.023582706655808104,-0.11643965980448562,0.1979972594655422
2015-10-29,-0.06433483046526246,0.07087425678015345,0.05776045323773483
2015-10-30,-0.17199558416041022,-0.16565226526780988,-0.02343973353463042
2015-11-04,-0.24465524411415956,-0.07141694915778823,-0.03629593757742125
2015-11-05,0.042027436824788614,0.05191745870950707,0.04397260387599814
2015-11-06,-0.01605845009553637,0.10790382803203744,0.2804595205658336
2015-11-09,-0.06882919361793523,-0.05587838872944865,-0.052694575492144874
2015-11-11,0.2084014694513793,0.08869157753003701,0.12888550046854083
2015-11-12,0.11415875795774613,0.07819420997504933,-0.04569866133251384
2015-11-16,-0.07687017506204274,-0.08169166235909087,-0.06417179940945547
2015-11-19,-0.16299468932199238,-0.13862843150464252,0.05726398434930143
2015-11-20,-0.14532988295227006,0.04316709203172121,-0.03978063606168336
2015-11-23,0.10537161173296129,-0.07992491692427409,-0.0735142948484433
2015-11-24,0.09193129056962637,0.014124702027354915,0.08612493325564874
2015-11-25,0.005999737038116696,-0.07059788562486449,0.07390598474401922
2015-12-02,0.10346987999612754,0.07853637397134546,0.2786823427111782
2015-12-03,-0.009194663494654271,-0.04039517716897276,-0.019367468493779738
2015-12-04,0.004845985287239014,-0.06664325272921366,-0.09523533318527205
2015-12-07,-0.1777474784584455,0.09802511390528126,-0.03981872471390927
2015-12-11,-0.23584560013933475,0.06521019190210507,0.13656164936672963
2015-12-14,-0.13058012736021987,0.32992719976449636,0.18812837836617557
2015-12-15,0.18210100685117364,-0.09967442396108643,-0.1822143151592872
2015-12-16,0.1910168945431868,0.16541903534854924,0.11108948705365627
2015-12-17,-0.08669923939094788,-0.08350983126668281,0.008258511138577933
2015-12-18,-0.08380982516105577,-0.1383705448481876,-0.1731736663829376
2015-12-22,0.033314996904935994,0.031367210185134185,0.10384113991692574
2015-12-24,0.11836145741751636,0.00684720715700226,0.0918534133171096
2015-12-25,0.11715105659228597,0.05013348838951381,0.037027356456435616
2015-12-29,0.1913697984585792,0.10071400080164455,0.03444735216206079
2015-12-30,0.05893230229821907,0.07472318732344059,0.1379869251334004
2016-01-05,0.10572918950850296,0.01998860299165727,0.0507020850738675
2016-01-08,-0.1017107209466847,0.04826676956717475,0.0435397774776513
2016-01-12,0.12098930481283422,-0.11363636363636365,0.016377005347593582
2016-01-18,-0.17033639255869493,-0.0642879316326717,-0.06988974388190099
2016-01-19,0.0035571336917884747,0.09490998660541343,0.058997005353425024
2016-01-25,-0.28109785061768794,-0.17934713949514694,-0.04014707302046725
2016-01-27,0.024036295146851426,-0.03740100583848778,-0.06698100289082047
2016-01-29,0.06844688879568195,0.2755437944337253,0.3338583517512913
2016-02-01,-0.08891637031821618,0.11951634185313637,0.0713211679996226
2016-02-02,-0.05290318131373259,-0.1137437041389985,-0.07152748752075733
2016-02-04,-0.05320937813731314,0.098033674264865,-0.04314836996618962
2016-02-16,0.12217820527931077,0.022406084179089493,-0.008321535002398888
2016-02-19,0.02807328191789819,-0.046801901798906136,-0.061277643634071
2016-02-22,0.06855594249873868,-0.053103613742045315,-0.13657310479423448
2016-02-23,-0.04413101896525472,-0.13173706199135454,-0.11155559365797413
2016-02-24,-0.057646985108799315,-0.11459870930266472,-0.11735441845701389
2016-02-26,-0.3722878937979922,-0.34425120112732704,-0.1816673256251717
2016-02-29,0.09743733144142319,0.04975491906974867,0.2522028436301244
2016-03-01,0.3130188393161745,0.2361377506538797,0.002141692885030894
2016-03-03,-0.43473444640364123,-0.31973445460687827,-0.117012895814623
2016-03-04,0.46518033939343645,0.186090544009137,0.23995978780168364
2016-03-07,0.15067291934437654,-0.07819675493132722,0.018237281745369403
2016-03-08,-0.1873582814993301,-0.23167771322688133,-0.21625618337459215
2016-03-11,-0.3598135552277775,-0.4212285880765122,-0.3929455664631032
2016-03-14,0.16579952902525028,-0.16328355728304672,-0.1445159979392777
2016-03-15,-0.2667416440180502,0.5034898325971,0.35648062177218803
2016-03-16,-0.1359125850197001,-0.03888297254482735,-0.06298146033628911
2016-03-17,-0.5242996410190851,-0.31055723890595954,-0.31354808642350684
2016-03-18,-0.20219118716823048,-0.20824615158890875,-0.15253537721171043
2016-03-21,0.11574972673432615,0.1560955129579011,0.0984478396677801
2016-03-22,0.01477505479840504,0.14447232105879929,-0.20681525656892888
2016-03-25,0.09712630029294153,0.08709067759403748,0.14867090785166676
2016-03-29,-0.19989477566073183,-0.03186948908241616,0.007890860235689951
2016-03-30,0.08361505225613954,0.011344168908957817,0.011230345736686027
2016-03-31,-0.07284350171225207,0.030008341288175297,0.03456420469842574
2016-04-01,0.3555308141392586,0.13590288155215818,0.1411220100000597
2016-04-05,0.22343267401648487,-0.06349024524191699,-0.0937664780549633
2016-04-06,0.11728980318673632,0.26079929466157564,0.1760171294244212
2016-04-08,0.16760830684667358,0.14634698952233796,0.016368181291334213
2016-04-12,0.03358451341218945,0.04768134862899405,-0.0024467122965216325
2016-04-13,0.23087004890065582,0.030464273409625865,0.06388889837839669
2016-04-14,-0.056570708064018434,0.19806326132541166,0.07347271253142987
2016-04-15,-0.15289972364259158,-0.11500949649124241,-0.1270482995345738
2016-04-18,0.08774280999515452,-0.02530238601658614,-0.040229389268129315
2016-04-19,-0.1834190853904432,0.015339031956438787,-0.021727699909300516
2016-04-21,0.13043907166216265,0.17499864879523103,0.20395702227468607
2016-04-22,0.014950136275050733,0.05413651809676943,-0.08960523618863928
2016-04-25,0.12724727882029926,0.059600211765832065,-0.06375776328676773
2016-04-26,-0.01675746914930406,-0.03713348185315899,0.1217682959267512
2016-04-28,0.03660251629444783,-0.01767940007606881,0.029059866977558326
2016-04-29,0.028716493335633194,-0.04588561896083016,-0.061106107605472096
2016-05-03,-0.20520134746974086,-0.0033894457476190574,0.029801644379804825
2016-05-04,-0.024966293221458317,0.14753222745922204,0.19383088224018413
2016-05-09,0.24538384365299043,-0.11206970253634306,-0.12350664645682462
2016-05-10,-0.12583365614067327,-0.026691122249913657,0.08920179029065677
2016-05-11,-0.10548434610770292,-0.11725652567654941,0.0057937990768878725
2016-05-12,0.09073463528749166,0.002756990291102273,0.05189084959875846
2016-05-13,0.026095825097176156,-0.039324429319641266,-0.02929763202644011
2016-05-16,-0.022620677104856168,-0.026330897366071446,-0.11062906043885365
2016-05-17,-0.011341381324810693,-0.043992178373298226,-0.21198222550994814
2016-05-18,0.3204734070157276,0.28220929747729184,0.1811052542770793
2016-05-20,0.04157704961859063,-0.23590385308259496,-0.06577206795877899
2016-05-23,-0.09542843120854583,0.0035493799836730728,-0.058530716589865125
2016-05-24,0.14310747496833956,0.03637984030150216,0.029061521205183634
2016-05-26,0.013279855596567792,-0.1491079783816244,0.14295088529826386
2016-05-27,-0.04513314496497293,0.25860325389002525,0.12919456429513876
2016-05-30,0.12251283583984526,0.07162137300896321,-0.11301652643443381
2016-05-31,-0.33081579822305096,-0.2965706784208724,-0.06225569752430189
2016-06-01,0.10962041236908412,-0.04212794465350557,-0.02961038339670839
2016-06-02,0.10067139160341806,0.020912822220842547,-0.053739793994281734
2016-06-03,0.12603830990964596,-0.17242770428625293,-0.04436129194231355
2016-06-06,0.05418316808295959,-0.05189878510691737,-0.06838482637481501
2016-06-08,-0.26714134225507863,-0.029879280099456097,-0.023161673940732257
2016-06-14,-0.16846407204802577,-0.05950159289166221,-0.026730687267169727
2016-06-15,-0.08878842228991368,0.17343865520327115,0.1446310221881771
2016-06-16,0.17488945215031818,0.03056880275606858,0.015498782848228865
2016-06-17,0.004583233492315352,0.06847914462703386,0.08109069491914177
2016-06-20,-0.04768221018335259,-0.06469554156225918,-0.022586669646246935
2016-06-21,0.16991222635561842,0.12460423620731564,0.03706605477514998
2016-06-22,-0.05014795397154189,-0.06474121411294519,-0.058580119806595964
2016-06-23,0.07192357214039173,-0.22490249399456502,-0.11402670304271934
2016-06-27,-0.22974667546688296,-0.17363844079926907,-0.05207218547473108
2016-06-28,-0.06909609802676926,-0.08027654075281758,0.1066888400597054
2016-06-29,0.18558553638209457,0.2300757260335146,0.160146015184038
2016-06-30,0.03407892468526663,0.11974832166372368,0.07018328606320436
2016-07-01,0.06212035835886556,0.012405821449022723,-0.09119046755055012
2016-07-05,0.03730459520714566,0.06321906909382362,0.002063442000204067
2016-07-06,-0.14604293496328724,0.0151046387420017,-0.08025044895446655
2016-07-07,0.05767501141540385,0.03189472872644172,0.00014003153078106498
2016-07-08,-0.018632914088892786,-0.05396654809291464,0.04680757797808231
2016-07-12,0.051871895821105796,0.06792664458493514,0.0016984978089806878
2016-07-13,0.2124374553806722,0.1378903442684314,0.16027454636684615
2016-07-14,0.19467292810967915,0.0408424828118789,0.05097251822149104
2016-07-15,-0.20382065879423014,0.02193809118419769,-0.19471178971793957
2016-07-18,0.14528521984791648,0.0921564085281376,-0.11299880544058218
2016-07-19,0.007400436275414477,0.13372906331266363,0.3415898173216887
2016-07-20,0.07063436923704569,-0.0783437983029001,-0.1861298952828287
2016-07-21,-0.0797192204804674,-0.1803469682210064,-0.18557941276175385
2016-07-22,-0.04792046974886347,0.26427903254529966,0.1933754487422922
2016-07-25,0.19521435477944946,-0.06499616113484756,-0.06235065088204662
2016-07-26,-0.10863096584134585,-0.08985109235771518,-0.03914963167182046
2016-07-27,-0.022911629910372936,-0.048361747015286644,0.13424842311886415
2016-07-28,0.09858025629400154,-0.07757057634168062,-0.08533960551357743
2016-07-29,-0.00988968591480117,0.01689030453672525,-0.09355808643994536
2016-08-01,0.20917828293458168,0.2405358636092688,-0.03819705113332627
2016-08-03,0.04424321897255977,0.006199832615063976,-0.04902513411583
2016-08-08,-0.1672993957566144,-0.027785239713916797,-0.04961260558789677
2016-08-09,0.06841394786742062,0.1665525122334101,0.1250068794021978
2016-08-12,-0.07559756435683983,-0.12863320272242673,-0.053632218516189566
2016-08-15,-0.08189122205716098,-0.022829533409558386,0.044127551571258916
2016-08-16,0.1964110647484567,0.07694559071788812,0.028644574952983885
2016-08-17,0.18045995888639593,0.019300002546928978,-0.04394488821526642
2016-08-18,0.06465588176589641,0.10118109979433983,0.06429168141492318
2016-08-19,0.11059590929864717,0.09893971274174516,0.07961312235709189
2016-08-25,0.08901935205941726,0.0021405572912569994,0.007357660834208366
2016-08-26,-0.057843543666387755,-0.03088689539726744,-0.11740847556012543
2016-08-29,0.173826231861531,0.002180338743597334,-0.07744244427975308
2016-08-30,-0.07648961500837675,0.09383278481483305,0.14765187632540422
2016-08-31,-0.06442768581369379,-0.0681618719055613,-0.07676121368393626
2016-09-05,0.06447682593789515,0.028013199552645446,0.026087826700765437
2016-09-06,0.06425517851834282,0.13865889801949385,0.161125955826523
2016-09-07,0.031024172911750397,-0.07968986851586589,-0.10257877154483293
2016-09-08,0.06586786851149566,0.06295289247799003,0.0890042842673069
2016-09-12,0.26351425260486006,0.18325608606382035,0.08316313473403299
2016-09-13,-0.05181028309702502,-0.022889760354996673,-0.05019104891819299
2016-09-19,-0.09355579118401032,0.07173746791186186,-0.05245389003826652
2016-09-20,0.008875998649605681,0.059900195921712016,0.035272379587540696
2016-09-21,-0.03553357915383297,-0.07769326829655923,0.03302922363143776
2016-09-22,0.09273958864546863,0.09678979499051049,0.09323675802771918
2016-09-27,0.11082681663709869,-0.07353377056653682,-0.04936372365680727
2016-09-28,0.06106182566732115,-0.002853863678879387,0.0758753658246117
2016-09-29,-0.013759331965157016,0.008715913045916028,0.0649008671808351
2016-09-30,-0.025222923145464753,-0.01498546725041783,-0.052798183913118364
2016-10-10,0.1471871976622622,0.09140866964788606,0.09135995732726368
2016-10-11,0.09734657208626182,0.13102909227095988,0.17230888772503566
2016-10-12,-0.026345729397340856,0.030605555628704238,-0.020787786284435086
2016-10-13,0.135970262940249,0.003241633425525533,-0.08195536898350772
2016-10-18,0.01434928337407969,-0.12625038456874643,-0.1316660580705577
2016-10-19,0.08594104768717534,0.1437859520043331,0.1275780572034827
2016-10-20,0.11079060466929061,0.13046134941686702,0.09511581877128217
2016-10-21,0.11178221003563996,-0.023487511781649074,-0.01046716994934978
2016-10-24,-0.015131195862004987,-0.048196240335294446,-0.03254421012406298
2016-10-25,-0.07037790679673078,-0.008945685460870914,-0.06044279750639305
2016-10-26,0.15350028978169017,0.03975366863070778,0.05173407956382832
2016-10-27,-0.025239299409960055,-0.1539938376414372,-0.010522553547328794
2016-10-31,0.024706666608934478,-0.03179759069648404,0.04497912534898541
2016-11-01,-0.028244219464455197,-0.08138909181945118,-0.06618521590840144
2016-11-03,0.029844585689085042,0.12047793706894142,-0.1044063098179039
2016-11-04,0.01488551664712244,0.026058827264666653,0.07318269303244496
2016-11-07,0.23997234314334145,-0.013239915882014763,-0.01871367656683902
2016-11-08,-0.011395483528227618,0.003645742033634788,-0.04175980124462762
2016-11-09,0.17354316320306723,0.08307829639423653,0.08167301749907598
2016-11-11,-0.12372467989771578,-0.05588325143380897,-0.10916076200208727
2016-11-14,0.21537353584602414,0.09964058126937714,0.01445388744707467
2016-11-16,0.08443613195009987,0.18128003346110674,0.1055810058014156
2016-11-17,0.043347121420132785,-0.026003279107200745,-0.13229738793302653
2016-11-21,-0.19500515857966774,-0.06783948105183066,0.027080068033109462
2016-11-22,0.02574796722412761,0.08886103391864404,0.03965749327550823
2016-11-23,0.04770879133067362,-0.0195338287841268,-0.1493228347382256
2016-11-24,-0.07280672790349936,-0.04973562484961322,0.04876098044077667
2016-11-25,0.12925077759057318,-0.02287901908817077,-0.07854846503824243
2016-11-28,-0.05302239693534047,0.042713662935964375,0.03315851450245433
2016-11-29,0.18327688459815403,0.13782333830563706,0.07866697624580764
2016-11-30,0.13874054110011164,0.036259556485427565,0.13686611026789777
2016-12-05,0.055747657961625785,-0.16162486704395734,-0.048852286483399766
2016-12-06,-0.05713868037062361,0.12142613980017741,0.02103664492537297
2016-12-07,0.13775341477653505,0.31200267120809144,0.11532694102192853
2016-12-09,-0.2168443680265372,0.09635180217625915,0.25393207137389134
2016-12-13,0.20742136558215118,0.1215167359051304,0.03358946269021376
2016-12-14,0.00044252466644909466,0.015067658910835282,0.01945864733173879
2016-12-16,-0.002139220040892346,-0.14510699988802342,-0.21811350480355018
2016-12-19,-0.09800167392521815,-0.024788494328943686,-0.14943413332306055
2016-12-20,0.0971460922181913,-0.09288000814771928,-0.009415576792930504
2016-12-22,0.04598219929375704,-0.04898101809890898,0.04943125483430233
2016-12-26,0.003881791386588601,-0.06935743527987516,-0.0066427958674400685
2016-12-28,-0.02273128976971447,0.1198421934261957,0.02806628989280471
2016-12-29,0.0391748183383778,0.0638620676050342,-0.02319459874968349
2016-12-30,0.0032285427079830386,0.04139796353946335,-0.06423145844697103
2017-01-03,-0.030287210048110018,-0.09001107200075963,-0.0208455061990304
2017-01-04,0.1825108406067983,0.12212685292988458,0.1765413736356979
2017-01-05,-0.07859596622961766,-0.2142366211577594,-0.10948892804713287
2017-01-09,0.01851429995528581,-0.05038052002160523,-0.12628118385087764
2017-01-10,0.034973802195637255,-0.009898651328486557,-0.16025971493327115
2017-01-13,-0.386297887352369,-0.09111261378288915,-0.03864136623521135
2017-01-16,0.1965967301078523,0.10586598398002935,0.11028292870695962
2017-01-17,-0.00231456621484683,0.0764377774588904,-0.10203343515841058
2017-01-18,-0.030060385880613424,0.04029649865315924,0.15047998905358945
2017-01-20,0.05624573311793743,0.005146203913983883,0.07569469907312676
2017-01-23,0.010390688697440194,-0.015540577784452449,-0.008295119447109828
2017-01-26,-0.05702277618977319,-0.16506365665900702,-0.0416135911747072
2017-02-06,0.02452971116754769,0.077339420610965,0.10257019108937723
2017-02-07,-0.018234084758308317,0.10209643771739618,0.0636098017251903
2017-02-08,-0.061433540907722156,-0.05172552497859425,0.023634038494587315
2017-02-09,0.02748065363976176,0.05787045519424085,0.043883368791719064
2017-02-10,0.013710461587411267,-0.07163130658891988,-0.0007384866496101409
2017-02-13,0.1547735932015456,0.10787953462738972,-0.12960098823119126
2017-02-14,0.22343997344117153,0.0921484361045563,0.06177787984859764
2017-02-16,-0.050692817984559456,0.04062074451291002,0.08619133812937448
2017-02-20,0.13521761398998663,0.05900500450956408,0.08234233755131481
2017-02-21,0.05743828465103112,-0.105825995035666,-0.12458902232839507
2017-02-22,0.09678502140784927,0.18475685727879826,0.058561050691342126
2017-02-23,-0.06511299643958782,-0.021297700960759544,-0.1653900585038851
2017-02-24,0.09905303136119502,0.09842590553532407,0.10652951471633498
2017-03-01,0.07678641367335012,-0.018875726683016843,-0.09234716418238981
2017-03-03,-0.19948004947347925,-0.31320599766390916,-0.33103188176302534
2017-03-06,-0.015978177512956385,0.03155796373930505,0.06183863676095039
2017-03-07,-0.00018012615895036068,0.129234493071083,0.1551561082216425
2017-03-08,0.020018296887795505,0.0077659718856947745,0.038905867046577766
2017-03-09,0.00332531259660268,-0.12061684104846106,-0.1593271316365339
2017-03-13,0.1103724366820217,0.16203983375086942,0.10799955910255896
2017-03-14,0.07895568231538608,-0.09200527511220087,-0.0517510383099119
2017-03-16,0.06277869341641602,0.2410504584988364,0.20809067102276943
2017-03-20,-0.12538095101879984,-0.17627833781308308,-0.10084763714988106
2017-03-21,-0.1495294296887708,-0.15506592625738475,-0.12697386129255295
2017-03-22,0.14412426763084712,0.08874815857684698,0.06757263690334377
2017-03-23,-0.11771375510718149,-0.06627471467003436,-0.0337621731794018
2017-03-24,-0.13869361794582702,-0.04572921658554548,-0.0697930753463615
2017-03-28,0.08499795429323287,0.054232353429367976,0.0924353184655471
2017-03-31,0.19635002582612818,0.22468092368918305,0.1542086667772651
2017-04-05,0.20402648427043718,0.020406098961959215,0.29745532594208396
2017-04-06,0.06510912382595488,0.017939504929126958,0.10054607346256006
2017-04-07,-0.11024162095917675,-0.10819527155184017,-0.01949034037445091
2017-04-10,0.14909115733372583,0.07870517893984008,-0.01448339151740293
2017-04-12,0.23049748397173098,0.04773247043084415,-0.054564749506558964
2017-04-14,0.16185163613801976,0.13602382164260163,0.09501270225260995
2017-04-17,0.02220956720178068,-0.1349363269853709,-0.06860842685591712
2017-04-19,-0.06873429077126027,-0.14001198175300866,-0.013888624440961905
2017-04-20,0.15257653405981045,0.10927470612340744,-0.0073526647832154865
2017-04-21,-0.20561925090325642,-0.04425553116951735,-0.1021186779588494
2017-04-24,0.19507860107614372,0.09545308659346566,-0.10440852467119367
2017-04-25,-0.027454619920260256,-0.017820792526944434,0.07101613070905594
2017-04-26,-0.023930784032372997,-0.10547228421829721,0.06256462964190963
2017-04-28,0.06532619377446146,0.20038243901938108,0.24068675016330598
2017-05-03,0.14143179594668023,0.00943184657044309,0.0020456929042955304
2017-05-04,-0.21763929626159065,-0.08705692377929514,-0.040255427758600394
2017-05-05,-0.14482642958824382,-0.01748753786093262,-0.11113308981619
2017-05-08,0.18057798634541536,0.08461920475397698,0.14170992726634496
2017-05-09,0.33102965943661017,0.2463787972799829,0.24181478845961757
2017-05-11,0.07428906976912357,0.01074105428885426,0.048217058384568086
2017-05-12,-0.10141148569546271,-0.16765966978386054,-0.2779167480675481
2017-05-15,0.15093145644872796,-0.0745414955545402,-0.2114645829639037
2017-05-16,-0.1357079666926944,0.20527767050711862,0.10232175775933756
2017-05-17,0.24806956246794548,0.31847540910814515,0.1711419078051159
2017-05-22,-0.5092361405166144,-0.28279199041606395,-0.058957602053027594
2017-05-24,0.043265500267859476,0.02051430589364296,0.11684323597140572
2017-05-25,-0.0483656355480458,-0.16749774375801119,-0.02988515635638503
2017-05-26,0.01713130855791728,0.11481821254882449,0.16415284300353875
2017-06-01,0.4116227062818965,0.21270662117697298,0.3199541751950902
2017-06-02,-0.4304113165362251,-0.13155687865134322,-0.3029020664479043
2017-06-05,0.1537892575096548,0.0709471892722289,-0.09569425766974995
2017-06-06,-0.2692206075759904,-0.09973923386567729,-0.3139458821801257
2017-06-08,0.03718421783853608,0.20300875836204882,-0.006734219887147392
2017-06-09,0.06738501516211369,0.04681703571676208,0.09729856950121753
2017-06-12,0.1784926230663833,0.18590424618254464,0.05661773135962274
2017-06-14,-0.24454394728251758,-0.11431602114016946,-0.027976669227331996
2017-06-15,-0.022915891374357556,-0.12995022114292465,-0.024961825329090647
2017-06-16,0.07445120372631792,0.01954799386846638,-0.020644628079925703
2017-06-19,0.04132601216737882,0.12392773310417987,0.09899749999763036
2017-06-20,0.14050863900712918,0.14640650021512855,0.06835444551499939
2017-06-21,0.12861866377381945,-0.026850465383835564,-0.015092474710749593
2017-06-23,-0.03362708205819146,-0.017909277690111122,-0.1369943449282526
2017-06-26,0.10476778750712513,0.04362443827062449,0.041150282643180186
2017-06-27,0.1958043996037319,0.2934237671917477,0.22444852963779527
2017-06-28,0.23138513112950598,-0.012963817880407277,-0.08748274179396894
2017-06-29,0.05234610129973877,0.053191169067671046,0.03476781266552622
2017-06-30,0.07276257188618244,-0.04655533386886676,0.034207180937124416
2017-07-03,-0.02010686567305731,0.08677138483790518,0.14836945279254296
2017-07-04,0.4874299441224582,0.22001757782668704,0.15333321122873791
2017-07-06,-0.07812333611125291,-0.049819944991682776,-0.06674960261328633
2017-07-07,-0.06325956407005522,-0.2666740877697954,-0.2638023604447037
2017-07-10,0.18092240965431947,0.07841816016399661,-0.05689226000625518
2017-07-11,0.10252840056564637,0.03892515471706485,0.1794427944922109
2017-07-12,0.14061099324014312,0.13100001047063825,0.05597215251185104
2017-07-13,0.20150491304700166,0.06910069416438051,0.08122132044551607
2017-07-14,-0.30457091687757704,-0.08834065989325683,0.08991824251418151
2017-07-17,-0.15352434370181703,-0.1569370814920395,-0.08231235158038923
2017-07-18,-0.004210859221901779,0.11486372748707137,0.026826021087774595
2017-07-19,0.06971545856828361,0.00623094321175525,-0.05987670940196822
2017-07-20,0.15509083732458212,0.13239521254701325,0.22007812450049957
2017-07-21,0.12346071298785799,0.04833681106556075,0.021876249525608876
2017-07-25,-0.14844112515183297,-0.17049145251363668,-0.10787000161679082
2017-07-26,0.09355746917400005,-0.005017225611297553,0.028690992804636904
2017-07-27,0.4177082538481416,0.20296111235926328,0.07904739396771263
2017-07-28,-0.0797827876986346,-0.02125793405469398,0.11687961074688351
2017-07-31,0.07423586586320866,0.0032408560376135714,0.059201220031531214
2017-08-01,0.09374128795718074,0.26815775954734156,0.14670043473389943
2017-08-03,-0.03756660676434179,-0.05284094293739439,-0.05252644096941431
2017-08-07,0.13780045540480107,-0.053400310843060815,-0.03388584595123976
2017-08-08,0.10235189274368942,-0.09924369319065757,-0.11367303505399799
2017-08-09,0.20421256131513554,0.2772201955329553,0.26454425997116926
2017-08-10,-0.14906560623155343,-0.1648201323973854,-0.03883473373207291
2017-08-14,0.0718402462062787,0.04589982642159933,0.05810935271813739
2017-08-16,-0.005319083771719978,-0.03326323586163841,-0.07034764147056471
2017-08-18,0.14165895644828444,0.02068048755095302,0.15529459409291935
2017-08-21,0.031124044826994716,0.0022184392098105396,-0.14453379751171774
2017-08-22,-0.21023790118695457,-0.20979071230397012,-0.14547376957680808
2017-08-23,0.0834317367894214,-0.02982920912101866,-0.06245005901500568
2017-08-25,0.14571896034299606,0.15807628924206676,0.15092546647399385
2017-08-28,0.15252834268422247,0.04745855945581833,0.051119165791831116
2017-08-29,0.3359203415301972,0.2846286434192988,0.16963074199564337
2017-08-30,0.025432603369138173,-0.1362362639956232,-0.14636921763808508
2017-08-31,-0.297237924590603,0.061205136411824415,0.02685836205761363
2017-09-01,-0.1065549029072495,-0.019846527232286054,0.04008930100087046
2017-09-04,0.18672860256577906,0.05931920515296202,-0.029094723692048477
2017-09-05,-0.0849314325552958,-0.07719052930376208,-0.12425464402309139
2017-09-08,0.11606192253570731,0.08979872786509857,-0.0013802193090550424
2017-09-11,0.14175930227973849,0.07527886394045234,0.1776127897314433
2017-09-12,0.27346337095974615,0.04326180538856319,-0.046275788317299185
2017-09-13,-0.14755031393559026,-0.07570294231052095,-0.014411732789561696
2017-09-14,-0.13494845800830316,-0.06987734179354328,0.0596451704351539
2017-09-15,-0.049301704100694704,-0.06086694073315101,-0.03438131948207049
2017-09-18,0.3393153337709304,0.05136533103919706,0.12413596258664142
2017-09-19,0.08946319056575001,-0.12820261719403636,-0.030723824367773673
2017-09-22,-0.2899088908003076,0.021156712657740762,0.021186541458298777
2017-09-25,0.1070082515867996,0.3319189560130317,0.17066215716591282
2017-09-26,-0.047730123228510175,0.08983316985030056,0.12229432682214952
2017-09-27,0.004567377431327636,0.056442373771521344,0.1163998010444539
2017-09-28,0.1633431689027561,0.049997387948742325,-0.14663311934323842
2017-09-29,0.07401267811896617,-0.006640418717986643,-0.06403489069472826
2017-10-09,-0.12268361689122344,-0.036941405243428545,-0.11412375576131295
2017-10-10,-0.1379736674278757,-0.0933958191157233,-0.13147064211387585
2017-10-12,0.02636028136689973,0.10461663853099361,-0.08447727005808713
2017-10-17,-0.07470945503616096,0.01663742400254362,-0.04416098498426992
2017-10-18,-0.0038542647285154407,-0.018183770409373728,-0.08929224810493813
2017-10-19,0.3861337222892067,0.30437957547664307,0.07497724892927708
2017-10-20,0.05264830881388717,0.011833007510416353,0.10544436067957064
2017-10-23,0.035738178971963054,-0.002187536770757902,-0.09255416826278967
2017-10-24,0.04831723819098149,0.1367728952181651,0.14472298315378151
2017-10-25,0.0701828894267619,0.004985193951790279,0.01685224931087706
2017-10-26,0.0005161364695076085,-0.03025665638345752,0.0017811495043481163
2017-10-30,0.16753718757983985,0.1966436506283673,0.2111507317470172
2017-10-31,-0.25133244384422,0.04328436963609845,-0.004282477560860208
2017-11-01,0.14526159843638797,0.20937726164467607,0.23888915857766307
2017-11-02,-0.18507419039442016,-0.06229240290764363,-0.12744880874909664
2017-11-03,0.20452063831004735,0.18410624604085327,-0.01039583757852528
2017-11-06,0.13803925894451924,-0.012791091844832797,0.09933102438612332
2017-11-07,-0.15575947335422644,0.07437668067963961,0.1392332974326467
2017-11-08,0.2155710296321682,0.11405927083094361,0.06730144574035064
2017-11-09,0.15379958746226538,0.16015273301305724,0.10657509166278024
2017-11-10,-0.015924104682325288,0.16921183510957963,0.11714089390072284
2017-11-13,-0.037532639790289146,-0.11353651852693072,-0.03459300573072644
2017-11-14,0.004325128050853054,-0.14208791739065005,-0.11715191244462761
2017-11-15,0.0795356129175739,0.06840490681237965,-0.02876058810777168
2017-11-16,0.22166972558091488,0.32308964826578623,0.4165189101616899
2017-11-20,0.06329803749417916,0.39385678547366376,0.3734343718343522
2017-11-21,0.2567349405746484,0.44491082403857274,0.46021934747799004
2017-11-22,-0.2891353464059075,-0.3005672978149189,-0.2617426661838296
2017-11-24,-0.2868072058047833,0.15527510531970284,0.11658807497438613
2017-11-27,0.29037305043689926,0.1787209702235811,0.17177425719444384
2017-11-28,-0.1046557799140921,0.30662176383210943,0.1251217574858064
2017-11-30,0.010875334561056974,0.21582037220308808,-0.0966242423143454
2017-12-01,0.07373404522456838,-0.00839144769023806,-0.03524150804955559
2017-12-04,-0.20814013033350623,-0.18389300279003623,-0.033538573831866356
2017-12-05,0.23728396546200053,0.19452671956122505,0.07436705656953227
2017-12-07,0.13942530075991963,0.09532383467441091,0.057292406841837715
2017-12-11,-0.054035573680100465,-0.046556136025376574,-0.2074102001821276
2017-12-13,-0.15177447651077516,-0.047649426411888594,-0.11053664461088325
2017-12-14,0.23712384964330432,-0.15337632675336052,-0.12313620369862191
2017-12-15,0.06004922453619569,0.17496685108015947,0.00389131244654043
2017-12-18,0.2068018866882312,0.1152586408179442,-0.06482583647058623
2017-12-19,-0.21470862680945116,-0.26299772848333214,-0.041672538205550426
2017-12-21,-0.11455246431633298,0.11006263660215981,0.03940912218188821
2017-12-22,-0.07312685730014405,-0.02341926969489034,-0.1149030792078099
2017-12-26,-0.12735837856103227,-0.08425271296546838,0.012397323623735053
2017-12-28,0.047315515728436834,-0.053646805499399715,-0.10578423159135407
2017-12-29,0.21813199269813083,0.18685162241021824,0.1814476154676314
2018-01-02,-0.09544260306024623,0.021358137600755632,0.10184921990370215
2018-01-03,0.11161137602604636,0.15422113679777819,0.17256819133633966
2018-01-04,0.015096718560210203,-0.03781597670248294,-0.06216229849905389
2018-01-05,-0.11411296486330239,-0.07472753690351644,-0.3434605254054282
2018-01-08,0.20768457442705346,0.1294006157593138,-0.0482061661022812
2018-01-09,-0.015607306593326847,-0.04183316526167122,0.15015932495509784
2018-01-11,0.3028406641944935,0.15317804680290523,0.058250497963932675
2018-01-12,-0.25180228422259676,0.0936749638646016,0.07078746957013868
2018-01-16,-0.05133566382712736,-0.05339116593024199,-0.050337984665202534
2018-01-17,0.09082879616468717,-0.043542598092803315,0.04757577284257368
2018-01-18,-0.05623716605582331,0.010834583457281914,0.07664908956463035
2018-01-19,0.12375414303742252,0.009866894555702544,0.07658493740098447
2018-01-22,0.09101791038763726,0.027952885670407216,0.18694270439828983
2018-01-23,-0.07603083326179176,-0.1414888544942315,-0.03561822841033056
2018-01-24,-0.013828598389941642,0.025506465054543213,-0.06297233700681283
2018-01-25,0.05990020073624956,-0.06584892321616244,-0.0762728971581879
2018-01-29,-0.03442669949232198,0.002356137452127938,-0.1354942140775788
2018-01-30,0.09998305195762973,0.11334945191466803,-0.08177391773589385
2018-01-31,-0.19872305682682062,0.054872295999691886,-0.015491062366243537
2018-02-01,0.17787218353486997,0.01599369584530249,0.12494702763098715
2018-02-02,-0.4738399268248181,0.23452347446155491,0.33707262809429983
2018-02-05,-0.06313959889292037,0.11256834544841529,0.053880200236909606
2018-02-08,-0.14709547932182823,-0.14430242173795493,-0.33972743955359586
2018-02-12,0.0076244934246420416,0.16830674656101252,0.15515389836219684
2018-02-13,0.07242807945520592,-0.03192382407299968,-0.1107255990005634
2018-02-14,0.16789576896052566,-0.03866082347363294,-0.03554866508233886
2018-02-22,0.1975032961812872,-0.06977061572867782,-0.09776784703406906
2018-02-23,-0.04113289213941561,-0.17063977758163443,-0.16033618723233253
2018-02-27,0.1309216939422823,0.057318227688078066,0.17540284222753463
2018-02-28,0.22255335597884113,0.25258629564764873,0.17349047877721005
2018-03-01,0.029144019472778625,-0.04517170845075399,-0.06541199807690222
2018-03-02,0.22319809663307252,0.23453855003128926,0.13939958077405684
2018-03-05,0.22060657328930833,0.08417238686293554,0.040657017815998155
2018-03-06,0.03582246991505259,0.15694358129421754,0.10543468348959414
2018-03-08,0.0034446682780645598,0.012635097013703543,0.0016051043887556065
2018-03-09,-0.14121919789406048,-0.039098629868201264,0.022182761855476112
2018-03-12,0.0023608048770217744,0.04195451575523723,0.17669864301266086
2018-03-15,0.2185252997648858,-0.0387977236575916,-0.04134671192309431
2018-03-19,-0.06810656026602695,-0.11444305181663593,-0.13248571541993887
2018-03-23,0.46489803739193325,0.43311487497777684,0.36828133730120827
2018-03-28,-0.027508240032600505,0.01461042278620274,-0.03400069001594952
2018-03-30,-0.15811961870085375,0.1390997905912988,0.05464706640048876
2018-04-09,0.1112526857792995,0.08381886877017156,-0.0013470937390001277
2018-04-10,-0.1751870368249915,0.21651035675850847,0.009571842117177345
2018-04-11,-0.020661018885376692,0.12466505853453695,0.08415270636146349
2018-04-16,0.23242751099495096,0.07261847170096952,0.06909928622039481
2018-04-18,-0.0606477192412269,0.06356694169636302,0.04548960951572063
2018-04-23,0.045202758105230466,-0.06418151101523009,-0.09660629873742324
2018-04-24,0.08829730369263507,-0.07779585567601957,-0.03436203963153098
2018-04-27,0.17996181508354328,0.1712860588442078,0.16573421357981521
2018-05-03,0.17065904093267142,-0.0212571411299023,-0.03136067547682549
2018-05-04,0.10193111739122757,0.1061927683767093,-0.029314381353091754
2018-05-08,0.24343061652823242,0.14575449145933594,0.0038671734184415577
2018-05-09,-0.014622998193976904,-0.20851271518217343,-0.012362882273673517
2018-05-10,-0.12486291626447292,0.09219415497268031,0.21041977945914714
2018-05-14,0.13915575676731934,0.27938431938357916,-0.007868612648060231
2018-05-15,0.036348365276310926,-0.12518802890032532,-0.016427479886367773
2018-05-17,0.04369314543344781,0.15862868471869304,0.134294271162477
2018-05-18,0.2050855765084984,0.10336758195822766,0.00814528241494796
2018-05-21,-0.15461917590460625,-0.03147820858878993,0.1316464015354675
2018-05-22,0.06086105202358858,0.2160938693916366,0.2790858851707664
2018-05-25,0.09295618130706615,-0.059372133830751635,-0.062469572563162205
2018-05-28,0.16655553011476995,-0.13633093879664637,-0.1497236426336386
2018-05-30,-0.2324838900953615,-0.17718594109294397,-0.1551864128200373
2018-05-31,0.021987157314187787,0.06301858316239659,0.06402236321226133
2018-06-01,-0.04372354494414174,0.1499321963717558,-0.08244373879702885
2018-06-04,0.32258941541112224,0.04468549902719493,-0.41409667872241357
2018-06-06,0.09559136599824243,0.0931610804295148,0.19248789945423103
2018-06-07,0.18069099992534166,-0.04861094813752501,0.20537979685619118
2018-06-08,0.028941675487477694,0.16858255649885479,0.23227487267041003
2018-06-14,0.10624366681732839,-0.030954181078733396,-0.032065646271126055
2018-06-15,-0.14374209044010516,-0.0015291464836993832,0.0714688338612231
2018-06-19,0.49730957787155955,0.4755728914350555,0.41081434798834116
2018-06-20,-0.04244694623526793,0.17528092894035482,0.13265683025931882
2018-06-22,0.06291823801905393,0.11362057234982258,0.1651459513095703
2018-06-26,-0.33147711239485905,-0.3545752313047363,-0.12774180386704848
2018-06-28,0.20416337947395516,0.16218864029970861,-0.0015434275798884617
2018-06-29,-0.19028396344298146,0.061461437532749484,-0.03698823003648421
2018-07-03,-0.06788874745413301,0.0932156272461217,0.24592517474069545
2018-07-09,-0.08088622180349281,0.005101240425999373,0.17123841965759198
2018-07-10,-0.11072003577472037,-0.24039573046177787,-0.013549760430977047
2018-07-11,0.09574521749834715,0.07398268405199915,-0.0256875533740109
2018-07-12,0.07708793484337047,0.06543765337036263,0.007529106957037398
2018-07-13,0.04663008708132893,-0.02195885740033146,0.04559156538109677
2018-07-16,0.1759306587992827,0.2056075146450476,0.2087664030422105
2018-07-17,0.20822834059848402,-0.0712491133290473,0.07226700573701046
2018-07-19,0.26078192488432994,0.19842169883680502,0.011149985035685499
2018-07-20,-0.21817097516507325,-0.25738522256689456,-0.20311971697413017
2018-07-23,-0.07319931966328225,-0.22475636213645767,-0.242082428728729
2018-07-24,0.3298813741437481,0.06498544253578219,0.02931950432399904
2018-07-25,0.04626338565207538,0.07560252125637733,0.039917907381040785
2018-07-26,0.15450938565215588,0.006525553386013371,-0.06807008821165605
2018-07-27,-0.038360133951002455,-0.021742563018113538,-0.04741386339094242
2018-07-30,0.20074598793783996,-0.11583063170208305,0.09032750805137196
2018-08-02,0.36107609046538924,0.20663967053542343,0.08964089563408105
2018-08-06,-0.02016748064702962,0.042923950634140236,-0.05991626695579285
2018-08-07,0.0543221029547723,0.006308487350078368,-0.021676861921178264
2018-08-08,0.14910973137696734,0.11219535634289574,0.04664138630655153
2018-08-09,0.13446396619075393,0.09003909584114342,0.1500902914349309
2018-08-10,-0.2680863909944402,0.07705020424971862,0.07684673938654503
2018-08-13,0.11090745649735612,0.3107973606131266,0.22150064567888444
2018-08-20,0.3092356118008303,0.3130406334128597,0.20073338165804858
2018-08-22,0.34021213231218256,0.07965094182014303,-0.03554024400138305
2018-08-23,0.01265081225887591,-0.06102029991802884,-0.06012145349227509
2018-08-24,0.24974384380306835,0.04611794347653925,-0.05191601709967203
2018-08-27,0.021181774316410665,0.01384236378990601,0.10195803151567726
2018-08-29,-0.015534308450365613,-0.08043095086439327,-0.008102062673963517
2018-08-31,0.2853323380324043,0.0036558056841912733,-0.057584329300481664
2018-09-03,0.11732624855369762,0.07849749690718773,0.012823951412583254
2018-09-04,0.01875996721338312,0.11818458723725421,0.10652632497585901
2018-09-06,0.22350234756242673,-0.015644663039575308,0.12566205204300618
2018-09-07,-0.011844260835550109,-0.03276432692691722,-0.12353012543820935
2018-09-11,-0.06347372887414313,-0.03866555562889215,0.016916685884589375
2018-09-13,0.17030085681999627,0.07855629479234469,-0.015235031869407436
2018-09-14,0.023609400941037546,-0.11285664978457999,-0.10725978115269363
2018-09-17,0.26854843275564194,0.2703322789115647,0.18299080474366183
2018-09-19,-0.027728288214954197,-0.07931105314398305,-0.08976341523561282
2018-09-20,0.08846413294129928,0.06153988900164003,-0.012030290735821965
2018-09-25,0.13752657696243173,-0.046421833664727394,-0.11190990319627873
2018-09-26,0.06673777297416554,0.21572673824193855,0.06095702385147425
2018-09-28,-0.006197236801902915,0.2394958016003294,0.12442395086320189
2018-10-09,-0.025544719933084683,-0.18973494168974397,-0.06452756908944185
2018-10-10,-0.06211778497785919,-0.11833711334155944,-0.23265297558510417
2018-10-11,-0.0606918635774948,0.2021411278116781,0.12878096525098978
2018-10-12,-0.011844261282669017,0.03229589460376606,0.08333056091556325
2018-10-16,0.15035617515260488,0.16499568845215276,0.04040330452534364
2018-10-17,-0.13005344351924952,-0.1859909998986434,-0.2566142274218899
2018-10-22,0.05569014673463932,0.11423689037430594,-0.01971969829212509
2018-10-23,0.23294837762486467,0.16990940277284666,0.00311378127961216
2018-10-25,0.06842802082170013,-0.1138646143240966,-0.07787795038562857
2018-10-29,-0.03291314968936953,0.006378805301722033,-0.0829218676642094
2018-10-30,-0.01191369129170011,-0.01533188425256854,-0.0035537696893439496
2018-11-02,0.07115407495506376,-0.018607623639762746,0.12147375687751807
2018-11-05,0.10301639329422442,0.07220242580095619,-0.05879983455173018
2018-11-06,-0.11544641914893322,-0.07345342244920317,0.08365514890587021
2018-11-09,0.10482351144184436,0.05746869410762906,0.07277098389684875
2018-11-12,0.08807791556696594,0.02507515958767645,0.03158039471415418
2018-11-13,-0.0016104757237076438,-0.2165701885473817,-0.1384798968264157
2018-11-14,0.009310576031940725,-0.08440792259811691,-0.09583584732208245
2018-11-15,-0.06724137137182455,-0.004265991777643378,0.10707627978824011
2018-11-16,0.023313022272202125,-0.04142545876486543,-0.027166342318588894
2018-11-19,0.15579601194843343,0.10389307827214395,0.11880190689596858
2018-11-22,-0.00871130935492768,-0.01285099107871286,0.10442129076176324
2018-11-26,-0.03998576949879104,0.042151190443967104,0.0017494114685576375
2018-11-27,-0.008388326555407728,-0.08319079198979117,-0.0009695976015070431
2018-11-28,0.028076729059511064,-0.002773896438109584,-0.0883042982283913
2018-11-30,-0.1089749960202773,0.05674437617085191,0.20670268292660343
2018-12-04,0.07523231251024755,-0.003346375784411179,-0.034251113185484024
2018-12-05,-0.12074912750834699,-0.23623664853858817,-0.07166433820593421
2018-12-07,0.06237147348544783,0.09502614939065938,0.021577118119680265
2018-12-10,0.19549471186569567,-0.03700343641422275,0.02494018775908486
2018-12-11,-0.05657062755855458,-0.051288632912348864,-0.0631357601804529
2018-12-13,-0.04732391056163619,-0.047840308557004114,-0.09993466126681104
2018-12-17,0.10963980300860975,-0.01800689516830606,-0.00566874608364412
2018-12-18,0.15876574073928557,-0.07051914919141893,-0.09948584348500901
2018-12-20,0.09671455452123355,0.1271800613105298,-0.003183150011444877
2018-12-21,0.11675294800081372,0.06686994522648848,0.05966751546174637
2018-12-24,-0.24367428708937533,-0.11706443434171813,-0.0642715100611042
2018-12-25,0.17286090957236414,0.24444880869712537,0.026571520185047003
2018-12-26,-0.17397106263215054,-0.06268215901532984,0.18153247936860675
2018-12-28,0.219091242838272,0.20510755357812493,0.2060033006575203
2019-01-02,-0.20538724261990995,-0.1291354692992793,-0.03505495095894173
2019-01-04,0.12184665248144957,-0.0027763696141781644,-0.04356688850742506
2019-01-07,0.1837427076134645,-0.035114707738428536,0.01884321541205555
2019-01-08,0.09076221898015434,0.01166651164887282,0.09568478648590939
2019-01-10,0.023803718205983267,-0.01713351834999317,-0.11735602670563809
2019-01-14,0.20171090713027254,0.07856027921390386,0.026725389848310067
2019-01-15,-0.25065682681766266,-0.38435584895543756,-0.33723138017955523
2019-01-16,-0.022410371684745235,-0.1790145829488743,-0.18756503917252176
2019-01-18,0.09994538306119938,0.03284384902097302,-0.09097086444718167
2019-01-21,0.18270214831818468,-0.0031010148534237328,0.005759049412120022
2019-01-22,0.05526950301499916,0.040342451306460365,0.09786873594045951
2019-01-23,0.03693851472505898,0.09286804833037189,-0.01311566158717901
2019-01-24,0.03990408007395395,-0.008670175992243399,-0.05946407310271791
2019-01-25,0.07140475070101052,-0.15851383385019405,0.02193363976977128
2019-01-29,-0.04222249904854304,-0.00905884228190862,-0.07562863374232683
2019-01-30,0.13952779791590605,0.08344387479619632,0.09068259388153598
2019-01-31,0.3352753007657117,0.25451644505734683,0.24877816594259347
2019-02-01,0.03764848925852902,0.009764517501905242,-0.006826549906368307
2019-02-11,-0.04922510419635804,-0.08305143493141844,-0.1700068146139915
2019-02-12,-0.10342095409862662,0.005290931416168199,-0.0836336315575629
2019-02-13,0.17925854574029548,0.002241266666234139,-0.07836215680140582
2019-02-14,-0.2169968346036972,-0.09586310592918476,-0.1867910834252191
2019-02-18,-0.021487463983949573,-0.17009914879025625,-0.08650643202323617
2019-02-19,0.1541137544578544,-0.09991445888080298,-0.08002971884671953
2019-02-20,0.055420356938667516,-0.057060680526685156,-0.09974664699674207
2019-02-21,0.004049942195215298,0.20927082917420756,0.12572512372548927
2019-02-22,-0.04888260492632815,-0.06658521092696736,-0.04785822059472186
2019-02-25,0.08220845735054425,-0.08319469941066676,-0.08856795937973144
2019-02-27,0.26044889560383006,0.104238823931823,0.1343524896218493
2019-03-01,0.060201093306514054,0.1876380541475534,0.1600939679065624
2019-03-04,-0.010076744890186999,0.086048879691422,-0.049684924437137644
2019-03-05,-0.1889313191267566,-0.18771645861672523,-0.14926370132858047
2019-03-06,-0.21183742395725325,0.014409000468072352,-0.021316029304193882
2019-03-07,0.17272740038839862,0.23392897245481944,0.19360158668535105
2019-03-12,0.21664244547468936,0.15733189943309756,0.11335458989915169
2019-03-13,-0.13912346901995298,-0.08401821210075437,0.08106780416907752
2019-03-14,-0.012379616643291258,-0.0387669587916338,-0.1739473949630337
2019-03-15,0.010795369788488081,0.010849383255538789,0.039346856753578845
2019-03-18,0.20998722959318863,0.1580357185750944,-0.09016484566283586
2019-03-19,0.40464177316819877,0.060039190403236915,0.08014950862819296
2019-03-20,0.20748924027024357,-0.0019428096395166029,0.0369995026006441
2019-03-22,-0.08817101470304635,-0.08271407681470978,-0.1294176508874271
2019-03-27,0.06880279853037803,-0.02199824589377787,0.01790916018646387
2019-03-28,0.06269901643922912,0.10914374880054717,0.032559537387689165
2019-03-29,-0.10576790519174047,-0.04926450396650686,-0.04380401151575484
2019-04-01,-0.07063749349540129,-0.22003822583720498,-0.19459595534693241
2019-04-02,0.2948302475873143,-0.0575317660720016,0.008578178660978743
2019-04-03,-0.15055118298196246,-0.24468265675008102,-0.1408639197205246
2019-04-04,-0.170494739491449,-0.19002328068807922,-0.13230642683923063
2019-04-10,-0.14658922546803424,-0.2026416268692472,-0.16865885388126958
2019-04-12,0.13421960754747148,0.09786134804894688,0.002348943250239794
2019-04-16,0.1717751470880597,0.13896394151346744,0.1407097485314067
2019-04-17,0.007864386422075403,0.03624732438564575,-0.09687288822515867
2019-04-18,0.023196926440279476,0.10529270726277104,0.11669175816067257
2019-04-19,-0.12285963855197439,-0.035659159135416556,-0.0017956453777206692
2019-04-23,0.14406923040494335,-0.10042039452214639,-0.003809461985309804
2019-04-29,0.21182174172283744,-0.07816618318115078,-0.12319412141043261
2019-04-30,0.003664089665481517,0.028513513949147286,0.1306439710102205
2019-05-06,-0.003982056942536877,0.09861554842946166,-0.020754407382530916
2019-05-07,0.15413082932218103,0.04873756951317286,-0.0037205155064293696
2019-05-09,0.1974267244393036,0.13897738349302097,0.14369716998407117
2019-05-10,-0.09886831774594632,-0.13305628169599876,-0.13370220592235185
2019-05-15,-0.04064341248675299,0.031167578874872294,-0.10718205535748446
2019-05-16,-0.013109807262091017,-0.03954216478469709,0.06666536103323252
2019-05-20,-0.026787818235077032,-0.0360069224967764,-0.08799940818119284
2019-05-21,-0.15307017530224856,-0.14443356563917703,-0.08946747929173043
2019-05-22,0.014510809627973359,0.14293707508119474,0.07211915250258086
2019-05-24,0.1793721724452174,0.1749603307696957,-0.04838052477277626
2019-05-27,0.065381061889467,0.05788164992169412,0.04783590126457854
2019-05-28,0.36037935476859295,0.07235340208817842,0.0782731626697711
2019-05-29,0.12106211943057629,0.175990766262562,0.03851093130626243
2019-06-03,-0.09027433334093005,0.04681065386260659,-0.087295238163152
2019-06-04,-0.08673263529564096,0.08386038027552274,0.12300854568570524
2019-06-06,0.07942701077695376,-0.09653860101914771,-0.017234412681552055
2019-06-10,0.028325305017404448,0.11136700259856955,0.04758712061529259
2019-06-11,0.01065354580612586,0.09565146462074554,-0.11653062026821619
2019-06-12,0.09532049826931202,-0.09102056246819692,0.06451680651325115
2019-06-13,-0.045269073285707055,-0.1050343240943287,-0.06671961874534872
2019-06-18,-0.059287997270571775,-0.17729301653998056,-0.2497776858949945
2019-06-21,0.14469313218763288,0.10568628214211595,0.05374275289554675
2019-06-24,0.0994002985944855,0.05031659929361012,-0.14871035196506205
2019-06-25,0.16779095279770417,-0.0046094250338736134,0.0848481635779575
2019-06-26,-0.12910028621259514,-0.18842088411960295,-0.2686718283430237
2019-06-28,0.02267517900476473,0.011682766794211048,-0.10720197037177663
2019-07-01,-0.10407846450925959,-0.09271462534259782,-0.011791567356865722
2019-07-03,-0.09801101429277687,-0.07582702447183665,-0.1146529015009834
2019-07-04,0.1255000133978308,0.011846750051065833,-0.037804217201890505
2019-07-05,0.1358478201372389,0.05195292273658421,0.009048886046627007
2019-07-08,0.13305368956466262,0.04749626236568444,-0.10651790013991222
2019-07-09,0.15145360554453144,-0.028238535269471385,0.1097869587222741
2019-07-10,0.010743706906917738,0.11792944159742422,0.09288449732167857
2019-07-11,0.24418426864993636,-0.09838810787775416,-0.06358477008486624
2019-07-12,0.1432938675482567,-0.016734837141201844,0.032700122170474105
2019-07-15,-0.08978027530103608,0.06491914845527524,-0.05178088066948309
2019-07-16,-0.001399182423153482,-0.032590662945198585,-0.009558825209281533
2019-07-17,0.004378911046452266,-0.01610648158503994,-0.07922441044474317
2019-07-19,0.19749738717281434,0.2243947875518044,0.21468618984772656
2019-07-22,0.16918194613296433,-0.11291991031772015,0.013323769512773894
2019-07-23,-0.1107069981022369,-0.06835014619351647,-0.06437913147052803
2019-07-24,-0.0505630883638118,-0.0730416233770478,-0.05607172890524016
2019-07-25,0.06617958170552293,-0.041606910401586567,-0.144442751868664
2019-07-26,0.04541144905233748,0.02667504024953517,-0.00424376962433153
2019-07-29,0.13154308383402097,-0.06020636397205829,-0.18469482051347302
2019-07-30,-0.034494291036149816,0.047523168488062074,0.06201639253868984
2019-08-01,0.14893219878142633,0.10332639656791047,-0.1292479341931847
2019-08-02,-0.10203480789908344,0.1791717131223007,0.18378105581616544
2019-08-06,0.15384404186928383,0.023349359018448455,-0.0605370023093546
2019-08-08,-0.2178345041673783,-0.2601148466462277,-0.15167918585244042
2019-08-12,0.07735369587042801,-0.09379206049173058,-0.0718138084952883
2019-08-13,-0.02269991313058736,-0.05421847734619588,0.012246064559501443
2019-08-15,0.016160822645430516,-0.00797202050892438,0.06441885773093965
2019-08-19,-0.05337500649873265,0.12225066801528016,0.08536232747046586
2019-08-21,0.182966293169815,0.21364648241477924,0.006429521345580913
2019-08-23,-0.10913650426655269,-0.09365958613216492,0.17218074475710693
2019-08-26,-0.07018520861081634,-0.1349165827181282,-0.07735812424455336
2019-08-28,-0.06203535439215893,0.05207886661269063,0.21777795213989432
2019-08-29,0.12966364843165842,0.15861432287453645,0.12191798207174938
2019-08-30,0.17535292997809418,0.29479329689327854,0.33162332376644377
2019-09-02,-0.21022659049002188,-0.37030830322714003,-0.26349282768124055
2019-09-03,-0.0657458570378153,-0.12304759034749346,-0.12745859205607074
2019-09-04,0.006849122199465088,-0.237373793531127,-0.16591551176168218
2019-09-05,0.1297857533150074,0.013883589985652369,0.1727221908022122
2019-09-06,0.17905745737696124,0.15679782343051077,0.1459368450730269
2019-09-09,-0.03125855143009229,-0.08295871163748339,-0.13104879195473532
2019-09-10,-0.22517723671958295,0.022924728316229156,0.03601590009011178
2019-09-11,-0.04074775040640385,0.17686556376792376,0.02826675859533571
2019-09-12,0.06848515703437962,0.10556175844852293,0.11865443053665714
2019-09-16,-0.15615341809443606,-0.3149554015452882,-0.23085809537254523
2019-09-18,0.02695036874783113,-0.16159228057663227,-0.03974794825806652
2019-09-19,0.038718562673315256,-0.015980086765332267,0.09568871307554572
2019-09-20,0.035984325270519917,0.156524495232255,0.18755097531704748
2019-09-23,0.038263659309617275,-0.06146615208666327,-0.06502758863975981
2019-09-24,0.012983587655392826,0.11767103339920285,0.17195510000367276
2019-09-25,0.12388975205707968,0.1771753737607494,0.037439136480954156
2019-09-27,0.054746697353279715,-0.07654647117281933,-0.07553844774360392
2019-10-08,-0.2833547211779055,0.008061955107381136,0.10808592096721144
2019-10-09,-0.02926396154543416,-0.14263788976779865,-0.11486444571054232
2019-10-10,0.0462533348183123,0.022912555108489337,0.03682416944723202
2019-10-11,-0.03549460664538002,-0.0518323568423014,0.11350097823653901
2019-10-14,0.0234476773009347,0.021014347351816936,-0.04929975814601786
2019-10-15,0.08177262045154403,-0.038967703636536934,0.02012979140728754
2019-10-17,0.02057888411890747,0.01718726965872268,0.009690024747143117
2019-10-22,-0.037741846671161185,-0.18598334210710699,0.018984060014552478
2019-10-23,0.133287238512395,0.1292946849458557,0.07432713992514127
2019-10-24,-0.11105911269196177,0.08401798051530027,0.03672716787548372
2019-10-25,-0.04522130527999953,-0.08537578878515815,-0.03586370127255127
2019-10-30,0.03973170923018257,-0.003034020435573952,0.011090530368838053
2019-11-01,-0.03258961465339213,-0.08305407499957443,-0.06844998643074296
2019-11-04,0.12428802366656597,-0.04490201413627622,-0.06619807981809607
2019-11-05,0.0630676841275313,0.08842821490309882,0.0001537637810650439
2019-11-06,0.17038245069088906,0.06222706386594637,0.021192540678933808
2019-11-07,0.007254476239774331,-0.09807162757893663,-0.08830170276178706
2019-11-12,0.1419498669755837,0.05418451743348377,0.04097630597176841
2019-11-13,-0.203623871475061,-0.11427266994916582,0.026455761653320663
2019-11-14,0.03779762200996468,-0.041601095121433763,0.15141424890912633
2019-11-18,0.1569672099295675,-0.07620164463804513,0.019179296861942172
2019-11-19,-0.02322301002529896,0.06143971867366703,0.04302461570469825
2019-11-25,0.11605629534353593,0.1477331419358085,0.1951280560428865
2019-11-26,0.33549345994732277,0.10366337522638831,0.15348722742519175
2019-11-27,0.021521325262207406,-0.05417598211325759,0.0008100870764854902
2019-11-29,0.09287086383556463,-0.13948379987400325,-0.009221039016293493
2019-12-02,0.050768527672452025,-0.08160672629975939,0.0368005236587057
2019-12-04,-0.05132825672573332,0.16384104425513812,0.02869170216741173
2019-12-05,-0.06546299040893652,-0.04956253803672374,-0.10980038194491294
2019-12-06,0.08555958075997276,-0.04534547161498118,0.11245978827292535
2019-12-09,0.21743445068569223,0.1066242760475545,0.03647700130208248
2019-12-10,-0.11925918208064037,-0.19008776343627762,-0.09464793931982259
2019-12-11,0.10695823134724138,0.11442769155647259,-0.03849841172440309
2019-12-12,0.1467689934799802,0.2592897307490849,0.18607395744521593
2019-12-13,-0.08933294695421279,-0.1501998752030417,-0.10008165713651236
2019-12-16,-0.07453004269157538,-0.028026448120824103,-0.02799351189188197
2019-12-17,-0.022080606443368442,-0.08754262235853334,-0.04824402272597969
