0,1,2,3,4
0.2,0.2,0.2,0.2,0.2
0.20000000000222046,0.19999999999111823,0.20000000000222046,0.20000000000222046,0.20000000000222046
1.0,0.0,0.0,0.0,0.0
1.0,0.0,0.0,0.0,0.0
1.0,0.0,0.0,0.0,0.0
0.0,0.0,1.0,0.0,0.0
1.0,0.0,0.0,0.0,0.0
0.0,0.0,0.0,0.0,1.0
0.0,0.46706319089803117,0.5329368091019759,0.0,0.0
0.0,0.0,1.0,0.0,0.0
0.0,1.0,0.0,0.0,0.0
0.0,1.0,0.0,0.0,0.0
0.0,0.0,0.0,0.0,1.0
0.0,1.0,0.0,0.0,0.0
0.0,0.0,0.0,0.0,1.0
0.0,0.0,0.0,0.0,1.0
0.0,0.0,0.0,1.0,0.0
0.0,0.0,0.0,1.0,0.0
0.0,1.0,0.0,0.0,0.0
0.0,1.0,0.0,0.0,0.0
0.0,0.0,0.0,1.0,0.0
0.0,1.0,0.0,0.0,0.0
1.0,0.0,0.0,0.0,0.0
0.0,0.0,0.0,0.0,1.0
0.0,1.0,0.0,0.0,0.0
0.0,1.0,0.0,0.0,0.0
0.0,1.0,0.0,0.0,0.0
0.0,1.0,0.0,0.0,0.0
0.0,0.0,1.0,0.0,0.0
0.0,0.0,1.0,0.0,0.0
1.0,0.0,0.0,0.0,0.0
0.0,0.0,0.0,0.0,1.0
1.0,0.0,0.0,0.0,0.0
0.0,0.0,0.0,1.0,0.0
0.0,1.0,0.0,0.0,0.0
1.0,0.0,0.0,0.0,0.0
0.0,0.0,1.0,0.0,0.0
1.0,0.0,0.0,0.0,0.0
0.0,1.0,0.0,0.0,0.0
0.0,0.0,1.0,0.0,0.0
0.0,0.0,1.0,0.0,0.0
0.0,0.0,1.0,0.0,0.0
0.8799893248635513,0.0,0.0,0.0,0.1200106751364487
0.0,1.0,0.0,0.0,0.0
0.0,0.0,0.0,1.0,0.0
0.0,1.0,0.0,0.0,0.0
0.0,0.0,0.0,1.0,0.0
0.0,0.0,0.0,1.0,0.0
0.0,0.0,0.0,0.0,1.0
0.0,1.0,0.0,0.0,0.0
0.0,0.0,1.0,0.0,0.0
0.0,0.0,0.0,0.0,1.0
0.0,1.0,0.0,0.0,0.0
0.0,1.0,0.0,0.0,0.0
1.0,0.0,0.0,0.0,0.0
0.0,1.0,0.0,0.0,0.0
0.0,0.0,0.0,0.0,1.0
0.0,0.0,1.0,0.0,0.0
1.0,0.0,0.0,0.0,0.0
0.0,1.0,0.0,0.0,0.0
0.0,1.0,0.0,0.0,0.0
0.0,0.0,0.0,0.0,1.0
0.0,1.0,0.0,0.0,0.0
0.0,1.0,0.0,0.0,0.0
0.0,1.0,0.0,0.0,0.0
0.0,0.0,1.0,0.0,0.0
0.0,1.0,0.0,0.0,0.0
1.0,0.0,0.0,0.0,0.0
0.0,0.0,0.0,0.0,1.0
0.0,0.0,0.0,1.0,0.0
0.0,0.0,0.0,1.0,0.0
0.0,1.0,0.0,0.0,0.0
0.0,0.0,0.0,0.0,1.0
0.0,1.0,0.0,0.0,0.0
0.0,1.0,0.0,0.0,0.0
0.0,0.0,1.0,0.0,0.0
0.0,0.0,1.0,0.0,0.0
0.0,0.0,0.0,1.0,0.0
0.0,1.0,0.0,0.0,0.0
0.0,1.0,0.0,0.0,0.0
0.0,0.0,0.0,1.0,0.0
0.0,1.0,0.0,0.0,0.0
1.0,0.0,0.0,0.0,0.0
0.0,0.0,0.0,1.0,0.0
0.0,0.0,0.0,0.0,1.0
0.0,1.0,0.0,0.0,0.0
0.0,1.0,0.0,0.0,0.0
1.0,0.0,0.0,0.0,0.0
0.0,0.0,0.0,0.0,1.0
0.0,0.0,0.0,1.0,0.0
0.0,1.0,0.0,0.0,0.0
0.883760869556788,0.0,0.11623913044320844,0.0,0.0
1.0,0.0,0.0,0.0,0.0
1.0,0.0,0.0,0.0,0.0
0.0,0.0,0.0,0.0,1.0
0.0,0.0,0.0,0.0,1.0
0.0,0.0,0.0,1.0,0.0
1.0,0.0,0.0,0.0,0.0
0.0,1.0,0.0,0.0,0.0
0.0,0.0,1.0,0.0,0.0
0.0,1.0,0.0,0.0,0.0
0.0,1.0,0.0,0.0,0.0
1.0,0.0,0.0,0.0,0.0
0.0,1.0,0.0,0.0,0.0
0.0,0.0,0.0,0.0,1.0
0.0,0.0,0.0,1.0,0.0
0.0,0.0,0.0,0.0,1.0
1.0,0.0,0.0,0.0,0.0
0.0,1.0,0.0,0.0,0.0
0.0,0.0,0.0,0.0,1.0
0.0,1.0,0.0,0.0,0.0
1.0,0.0,0.0,0.0,0.0
0.0,0.0,0.0,1.0,0.0
1.0,0.0,0.0,0.0,0.0
0.0,0.0,0.0,1.0,0.0
0.0,0.0,0.0,0.0,1.0
0.0,0.0,0.0,0.0,1.0
0.0,1.0,0.0,0.0,0.0
0.0,0.0,0.0,0.0,1.0
1.0,0.0,0.0,0.0,0.0
0.0,1.0,0.0,0.0,0.0
0.0,0.0,1.0,0.0,0.0
0.0,0.0,0.0,0.0,1.0
0.0,1.0,0.0,0.0,0.0
0.0,0.0,1.0,0.0,0.0
0.0,0.0,0.0,1.0,0.0
0.0,0.0,0.0,1.0,0.0
0.0,1.0,0.0,0.0,0.0
1.0,0.0,0.0,0.0,0.0
0.0,0.0,0.0,0.0,1.0
0.0,0.0,0.0,0.0,1.0
0.0,0.0,1.0,0.0,0.0
0.0,1.0,0.0,0.0,0.0
0.0,0.0,1.0,0.0,0.0
0.0,0.0,0.0,0.0,1.0
0.0,0.0,0.0,0.0,1.0
1.0,0.0,0.0,0.0,0.0
1.0,0.0,0.0,0.0,0.0
0.0,0.0,1.0,0.0,0.0
0.0,0.0,1.0,0.0,0.0
0.0,0.0,0.0,1.0,0.0
0.0,0.0,0.0,1.0,0.0
0.0,0.0,0.0,0.0,1.0
0.0,0.0,0.0,0.0,1.0
1.0,0.0,0.0,0.0,0.0
0.0,1.0,0.0,0.0,0.0
0.0,1.0,0.0,0.0,0.0
0.0,0.0,0.0,0.0,1.0
0.0,1.0,0.0,0.0,0.0
0.0,0.0,1.0,0.0,0.0
0.0,1.0,0.0,0.0,0.0
0.0,0.0,0.0,0.0,1.0
0.0,0.0,0.0,0.0,1.0
0.0,1.0,0.0,0.0,0.0
0.0,1.0,0.0,0.0,0.0
0.0,0.0,0.0,1.0,0.0
0.0,0.0,1.0,0.0,0.0
0.0,1.0,0.0,0.0,0.0
0.0,0.0,0.0,0.0,1.0
1.0,0.0,0.0,0.0,0.0
0.0,0.0,0.0,0.0,1.0
0.0,0.0,1.0,0.0,0.0
0.0,1.0,0.0,0.0,0.0
0.0,0.0,0.0,1.0,0.0
0.0,0.0,1.0,0.0,0.0
0.0,0.0,0.0,0.0,1.0
0.0,0.0,0.0,1.0,0.0
0.0,0.0,0.0,0.0,1.0
0.0,0.0,0.0,1.0,0.0
0.0,0.0,1.0,0.0,0.0
0.0,0.0,0.0,0.0,1.0
1.0,0.0,0.0,0.0,0.0
0.0,0.0,0.0,0.0,1.0
1.0,0.0,0.0,0.0,0.0
0.0,0.0,0.0,1.0,0.0
0.0,0.0,0.0,0.0,1.0
0.0,1.0,0.0,0.0,0.0
0.0,0.0,0.0,1.0,0.0
1.0,0.0,0.0,0.0,0.0
0.0,0.0,0.0,0.0,1.0
0.0,1.0,0.0,0.0,0.0
0.0,0.0,0.0,0.0,1.0
0.0,0.0,1.0,0.0,0.0
1.0,0.0,0.0,0.0,0.0
0.0,0.0,0.0,1.0,0.0
0.0,1.0,0.0,0.0,0.0
0.0,0.0,1.0,0.0,0.0
0.0,1.0,0.0,0.0,0.0
0.0,1.0,0.0,0.0,0.0
0.0,0.0,0.0,0.0,1.0
0.0,1.0,0.0,0.0,0.0
0.0,1.0,0.0,0.0,0.0
1.0,0.0,0.0,0.0,0.0
0.0,0.0,0.0,0.0,1.0
0.0,1.0,0.0,0.0,0.0
0.0,0.0,0.0,1.0,0.0
0.0,0.0,1.0,0.0,0.0
0.0,0.0,1.0,0.0,0.0
0.0,0.0,0.0,0.0,1.0
0.0,0.0,0.0,0.0,1.0
0.0,0.0,0.0,0.0,1.0
0.0,0.0,0.0,0.0,1.0
0.0,0.0,0.0,1.0,0.0
0.0,0.0,0.0,0.0,1.0
0.0,0.0,0.0,1.0,0.0
0.0,1.0,0.0,0.0,0.0
0.0,1.0,0.0,0.0,0.0
0.0,0.0,1.0,0.0,0.0
0.0,0.0,0.0,0.0,1.0
0.0,0.0,0.0,1.0,0.0
0.0,0.0,0.0,0.0,1.0
0.0,0.0,0.0,1.0,0.0
0.0,1.0,0.0,0.0,0.0
0.0,1.0,0.0,0.0,0.0
0.0,0.0,0.0,0.0,1.0
1.0,0.0,0.0,0.0,0.0
1.0,0.0,0.0,0.0,0.0
1.0,0.0,0.0,0.0,0.0
1.0,0.0,0.0,0.0,0.0
0.0,1.0,0.0,0.0,0.0
0.0,0.0,0.0,0.0,1.0
0.0,0.0,0.0,0.0,1.0
0.0,0.0,1.0,0.0,0.0
0.0,0.017747717122816198,0.9822522828771838,0.0,0.0
0.0,1.0,0.0,0.0,0.0
0.0,0.0,0.0,0.0,1.0
0.0,0.0,0.0,1.0,0.0
0.0,1.0,0.0,0.0,0.0
0.0,0.0,0.0,1.0,0.0
0.0,1.0,0.0,0.0,0.0
0.0,1.0,0.0,0.0,0.0
0.0,1.0,0.0,0.0,0.0
0.0,0.0,0.0,0.0,1.0
1.0,0.0,0.0,0.0,0.0
0.0,0.0,0.0,0.0,1.0
1.0,0.0,0.0,0.0,0.0
0.0,0.0,0.0,1.0,0.0
0.0,1.0,0.0,0.0,0.0
0.0,0.0,0.0,1.0,0.0
0.0,0.0,1.0,0.0,0.0
1.0,0.0,0.0,0.0,0.0
1.0,0.0,0.0,0.0,0.0
0.0,0.0,1.0,0.0,0.0
0.0,0.0,0.0,1.0,0.0
0.0,0.0,0.0,0.0,1.0
0.0,1.0,0.0,0.0,0.0
0.0,1.0,0.0,0.0,0.0
0.0,1.0,0.0,0.0,0.0
0.0,1.0,0.0,0.0,0.0
0.0,0.0,0.0,1.0,0.0
0.0,0.0,0.0,0.0,1.0
0.0,1.0,0.0,0.0,0.0
1.0,0.0,0.0,0.0,0.0
0.0,0.0,1.0,0.0,0.0
1.0,0.0,0.0,0.0,0.0
0.0,0.0,0.0,0.0,1.0
0.720590661013798,0.0,0.0,0.27940933898619846,0.0
0.0,1.0,0.0,0.0,0.0
0.0,1.0,0.0,0.0,0.0
0.0,1.0,0.0,0.0,0.0
0.0,1.0,0.0,0.0,0.0
1.0,0.0,0.0,0.0,0.0
0.0,0.0,0.0,0.0,1.0
0.0,1.0,0.0,0.0,0.0
0.0,1.0,0.0,0.0,0.0
0.0,0.0,0.0,1.0,0.0
0.0,0.0,0.0,0.0,1.0
0.0,0.0,0.0,0.0,1.0
0.0,0.0,0.0,0.0,1.0
0.0,1.0,0.0,0.0,0.0
0.0,0.0,1.0,0.0,0.0
0.0,0.0,1.0,0.0,0.0
0.0,1.0,0.0,0.0,0.0
0.0,0.0,0.0,1.0,0.0
0.0,0.0,0.0,1.0,0.0
1.0,0.0,0.0,0.0,0.0
1.0,0.0,0.0,0.0,0.0
1.0,0.0,0.0,0.0,0.0
0.0,1.0,0.0,0.0,0.0
0.0,1.0,0.0,0.0,0.0
0.0,0.0,1.0,0.0,0.0
0.0,1.0,0.0,0.0,0.0
0.0,0.0,1.0,0.0,0.0
0.0,0.0,0.0,0.0,1.0
0.0,0.0,0.0,1.0,0.0
0.0,1.0,0.0,0.0,0.0
0.0,1.0,0.0,0.0,0.0
1.0,0.0,0.0,0.0,0.0
0.0,1.0,0.0,0.0,0.0
0.0,0.0,0.0,0.0,1.0
0.0,0.0,0.0,0.0,1.0
0.0,0.0,0.0,1.0,0.0
0.0,1.0,0.0,0.0,0.0
0.0,0.0,0.0,0.0,1.0
0.0,0.0,1.0,0.0,0.0
0.0,1.0,0.0,0.0,0.0
0.0,1.0,0.0,0.0,0.0
0.0,1.0,0.0,0.0,0.0
0.0,0.0,1.0,0.0,0.0
0.0,0.0,0.0,0.0,1.0
1.0,0.0,0.0,0.0,0.0
0.0,0.0,0.0,1.0,0.0
1.0,0.0,0.0,0.0,0.0
0.0,1.0,0.0,0.0,0.0
1.0,0.0,0.0,0.0,0.0
0.0,1.0,0.0,0.0,0.0
0.0,0.0,0.0,1.0,0.0
0.0,1.0,0.0,0.0,0.0
0.0,0.0,0.0,1.0,0.0
0.0,1.0,0.0,0.0,0.0
0.0,0.0,0.0,0.0,1.0
0.0,0.0,1.0,0.0,0.0
0.0,1.0,0.0,0.0,0.0
0.0,0.0,0.0,0.0,1.0
1.0,0.0,0.0,0.0,0.0
1.0,0.0,0.0,0.0,0.0
0.0,0.0,1.0,0.0,0.0
0.0,0.0,0.0,0.0,1.0
0.0,0.0,1.0,0.0,0.0
0.0,0.0,0.0,0.0,1.0
0.0,0.0,0.0,1.0,0.0
0.0,0.0,0.0,1.0,0.0
0.0,1.0,0.0,0.0,0.0
0.0,0.0,0.0,1.0,0.0
0.0,0.0,0.0,0.0,1.0
0.0,0.0,0.0,1.0,0.0
0.0,0.0,0.0,0.0,1.0
0.0,1.0,0.0,0.0,0.0
0.0,0.0,0.0,1.0,0.0
0.0,0.0,0.0,1.0,0.0
0.0,0.0,1.0,0.0,0.0
0.0,1.0,0.0,0.0,0.0
1.0,0.0,0.0,0.0,0.0
0.0,1.0,0.0,0.0,0.0
0.0,0.0,0.0,1.0,0.0
0.0,0.0,1.0,0.0,0.0
0.0,1.0,0.0,0.0,0.0
0.0,1.0,0.0,0.0,0.0
0.0,0.0,0.0,0.0,1.0
0.0,0.0,1.0,0.0,0.0
0.0,1.0,0.0,0.0,0.0
0.0,1.0,0.0,0.0,0.0
0.0,1.0,0.0,0.0,0.0
0.0,1.0,0.0,0.0,0.0
0.0,0.0,0.0,0.0,1.0
0.0,0.0,0.0,0.0,1.0
0.0,1.0,0.0,0.0,0.0
0.0,0.0,0.0,0.0,1.0
0.0,1.0,0.0,0.0,0.0
0.0,1.0,0.0,0.0,0.0
0.0,1.0,0.0,0.0,0.0
0.0,1.0,0.0,0.0,0.0
0.0,0.0,0.0,0.0,1.0
0.0,0.0,0.0,1.0,0.0
1.0,0.0,0.0,0.0,0.0
0.0,0.0,1.0,0.0,0.0
0.0,0.0,0.0,0.0,1.0
0.0,0.0,1.0,0.0,0.0
0.0,1.0,0.0,0.0,0.0
0.0,0.0,1.0,0.0,0.0
0.0,0.0,0.0,1.0,0.0
0.0,1.0,0.0,0.0,0.0
0.0,0.0,1.0,0.0,0.0
1.0,0.0,0.0,0.0,0.0
0.0,0.0,0.0,0.0,1.0
0.0,0.0,0.0,0.0,1.0
0.0,0.0,0.0,1.0,0.0
0.0,1.0,0.0,0.0,0.0
0.0,0.0,0.0,1.0,0.0
0.0,1.0,0.0,0.0,0.0
0.0,0.0,0.0,1.0,0.0
0.0,1.0,0.0,0.0,0.0
0.0,0.0,0.0,0.0,1.0
0.0,0.0,0.0,0.0,1.0
0.0,1.0,0.0,0.0,0.0
0.0,1.0,0.0,0.0,0.0
0.0,0.0,0.0,1.0,0.0
0.0,1.0,0.0,0.0,0.0
0.0,1.0,0.0,0.0,0.0
0.7651971300057596,0.0,0.0,0.23480286999424038,0.0
0.0,1.0,0.0,0.0,0.0
1.0,0.0,0.0,0.0,0.0
0.0,1.0,0.0,0.0,0.0
0.0,0.0,0.0,0.0,1.0
0.0,1.0,0.0,0.0,0.0
1.0,0.0,0.0,0.0,0.0
0.0,0.0,0.0,1.0,0.0
0.0,1.0,0.0,0.0,0.0
0.0,1.0,0.0,0.0,0.0
0.0,0.0,0.0,1.0,0.0
0.0,0.0,0.0,1.0,0.0
0.0,0.0,0.0,0.0,1.0
1.0,0.0,0.0,0.0,0.0
0.0,0.0,1.0,0.0,0.0
0.0,1.0,0.0,0.0,0.0
0.0,1.0,0.0,0.0,0.0
1.0,0.0,0.0,0.0,0.0
0.0,0.0,1.0,0.0,0.0
0.0,1.0,0.0,0.0,0.0
0.0,0.0,0.0,1.0,0.0
0.0,0.0,1.0,0.0,0.0
0.0,1.0,0.0,0.0,0.0
0.0,1.0,0.0,0.0,0.0
0.0,0.0,0.0,0.0,1.0
0.0,1.0,0.0,0.0,0.0
0.0,0.0,0.0,0.0,1.0
0.0,0.0,1.0,0.0,0.0
0.0,0.0,0.0,0.0,1.0
0.0,1.0,0.0,0.0,0.0
0.0,0.0,1.0,0.0,0.0
0.0,1.0,0.0,0.0,0.0
1.0,0.0,0.0,0.0,0.0
1.0,0.0,0.0,0.0,0.0
1.0,0.0,0.0,0.0,0.0
0.0,0.0,0.0,0.0,1.0
0.0,1.0,0.0,0.0,0.0
0.0,1.0,0.0,0.0,0.0
0.0,0.0,0.0,0.0,1.0
0.0,0.0,0.0,0.0,1.0
0.0,0.0,0.0,1.0,0.0
1.0,0.0,0.0,0.0,0.0
0.0,1.0,0.0,0.0,0.0
0.0,0.0,0.0,0.0,1.0
0.0,0.0,0.0,0.0,1.0
0.0,1.0,0.0,0.0,0.0
0.0,0.0,0.0,1.0,0.0
1.0,0.0,0.0,0.0,0.0
0.0,1.0,0.0,0.0,0.0
0.0,0.0,0.0,0.0,1.0
0.0,1.0,0.0,0.0,0.0
1.0,0.0,0.0,0.0,0.0
1.0,0.0,0.0,0.0,0.0
0.0,0.0,0.0,0.0,1.0
0.0,1.0,0.0,0.0,0.0
1.0,0.0,0.0,0.0,0.0
0.0,1.0,0.0,0.0,0.0
0.0,1.0,0.0,0.0,0.0
0.0,0.0,1.0,0.0,0.0
1.0,0.0,0.0,0.0,0.0
1.0,0.0,0.0,0.0,0.0
0.0,0.0,0.0,1.0,0.0
0.0,0.0,0.0,0.06757776394160686,0.9324222360583931
0.0,0.0,1.0,0.0,0.0
0.0,1.0,0.0,0.0,0.0
0.0,1.0,0.0,0.0,0.0
0.0,0.0,0.0,0.0,1.0
0.0,0.0,1.0,0.0,0.0
0.0,1.0,0.0,0.0,0.0
0.0,0.0,0.0,0.0,1.0
1.0,0.0,0.0,0.0,0.0
0.0,1.0,0.0,0.0,0.0
0.0,0.14446695980885238,0.0,0.0,0.8555330401911476
0.0,0.0,0.0,1.0,0.0
0.0,0.0,1.0,0.0,0.0
0.0,0.0,0.0,0.0,1.0
0.0,1.0,0.0,0.0,0.0
0.0,1.0,0.0,0.0,0.0
1.0,0.0,0.0,0.0,0.0
1.0,0.0,0.0,0.0,0.0
0.0,0.0,1.0,0.0,0.0
0.0,1.0,0.0,0.0,0.0
0.0,1.0,0.0,0.0,0.0
0.0,1.0,0.0,0.0,0.0
0.0,0.0,0.0,1.0,0.0
0.0,1.0,0.0,0.0,0.0
0.0,0.0,1.0,0.0,0.0
0.0,0.0,0.0,1.0,0.0
0.0,0.0,0.0,0.0,1.0
0.0,1.0,0.0,0.0,0.0
0.0,1.0,0.0,0.0,0.0
0.0,1.0,0.0,0.0,0.0
0.0,1.0,0.0,0.0,0.0
1.0,0.0,0.0,0.0,0.0
0.0,1.0,0.0,0.0,0.0
0.0,0.0,0.0,0.0,1.0
0.0,0.0,1.0,0.0,0.0
0.0,1.0,0.0,0.0,0.0
0.0,1.0,0.0,0.0,0.0
1.0,0.0,0.0,0.0,0.0
1.0,0.0,0.0,0.0,0.0
0.0,0.0,0.0,0.0,1.0
0.0,0.0,0.0,0.0,1.0
0.0,0.0,0.0,1.0,0.0
0.0,0.0,0.0,1.0,0.0
0.0,1.0,0.0,0.0,0.0
0.0,0.0,0.0,1.0,0.0
1.0,0.0,0.0,0.0,0.0
0.0,0.0,0.0,0.0,1.0
1.0,0.0,0.0,0.0,0.0
0.0,0.0,0.0,1.0,0.0
0.0,1.0,0.0,0.0,0.0
0.0,1.0,0.0,0.0,0.0
0.0,1.0,0.0,0.0,0.0
1.0,0.0,0.0,0.0,0.0
0.0,0.0,0.0,0.0,1.0
0.0,0.0,0.0,0.0,1.0
0.0,0.0,0.0,1.0,0.0
0.0,0.0,0.0,0.0,1.0
0.0,0.0,0.0,0.7255031352793395,0.27449686472064627
0.0,1.0,0.0,0.0,0.0
1.0,0.0,0.0,0.0,0.0
1.0,0.0,0.0,0.0,0.0
0.0,0.0,1.0,0.0,0.0
0.0,0.0,0.0,0.0,1.0
1.0,0.0,0.0,0.0,0.0
0.0,0.0,1.0,0.0,0.0
0.0,0.0,0.0,0.0,1.0
0.0,0.0,0.0,1.0,0.0
0.0,0.0,0.0,0.0,1.0
0.0,1.0,0.0,0.0,0.0
0.0,0.0,1.0,0.0,0.0
0.0,1.0,0.0,0.0,0.0
0.0,0.0,0.0,0.0,1.0
0.0,0.0,1.0,0.0,0.0
0.0,1.0,0.0,0.0,0.0
0.0,0.0,1.0,0.0,0.0
0.0,1.0,0.0,0.0,0.0
0.0,0.0,0.0,0.0,1.0
0.0,1.0,0.0,0.0,0.0
1.0,0.0,0.0,0.0,0.0
0.0,1.0,0.0,0.0,0.0
0.0,1.0,0.0,0.0,0.0
0.0,0.0,1.0,0.0,0.0
0.0,1.0,0.0,0.0,0.0
0.0,0.0,0.0,1.0,0.0
0.0,0.0,0.0,0.0,1.0
1.0,0.0,0.0,0.0,0.0
0.0,0.0,1.0,0.0,0.0
0.0,0.0,1.0,0.0,0.0
0.0,0.0,0.0,1.0,0.0
0.0,0.0,0.0,0.0,1.0
0.0,0.0,0.0,0.0,1.0
0.0,1.0,0.0,0.0,0.0
0.0,1.0,0.0,0.0,0.0
0.0,1.0,0.0,0.0,0.0
1.0,0.0,0.0,0.0,0.0
0.0,0.0,0.0,1.0,0.0
0.0,1.0,0.0,0.0,0.0
1.0,0.0,0.0,0.0,0.0
1.0,0.0,0.0,0.0,0.0
1.0,0.0,0.0,0.0,0.0
0.0,1.0,0.0,0.0,0.0
1.0,0.0,0.0,0.0,0.0
0.0,0.0,0.0,0.0,1.0
0.0,0.0,0.0,0.0,1.0
0.0,1.0,0.0,0.0,0.0
0.0,0.0,0.0,0.0,1.0
0.0,1.0,0.0,0.0,0.0
0.0,1.0,0.0,0.0,0.0
0.0,0.0,0.0,1.0,0.0
0.0,0.0,0.0,0.0,1.0
0.0,1.0,0.0,0.0,0.0
0.0,0.0,0.0,1.0,0.0
0.0,1.0,0.0,0.0,0.0
1.0,0.0,0.0,0.0,0.0
0.0,0.0,0.0,1.0,0.0
0.0,0.0,0.0,0.0,1.0
0.0,0.0,1.0,0.0,0.0
0.0,0.0,0.0,0.0,1.0
0.0,0.0,0.0,1.0,0.0
0.0,0.0,1.0,0.0,0.0
0.0,1.0,0.0,0.0,0.0
0.0,1.0,0.0,0.0,0.0
0.0,0.0,0.0,1.0,0.0
0.0,1.0,0.0,0.0,0.0
0.0,1.0,0.0,0.0,0.0
0.0,0.0,0.0,0.0,1.0
1.0,0.0,0.0,0.0,0.0
0.0,1.0,0.0,0.0,0.0
1.0,0.0,0.0,0.0,0.0
0.0,1.0,0.0,0.0,0.0
0.0,1.0,0.0,0.0,0.0
0.0,0.0,0.0,1.0,0.0
1.0,0.0,0.0,0.0,0.0
0.0,0.0,0.0,0.0,1.0
0.0,1.0,0.0,0.0,0.0
1.0,0.0,0.0,0.0,0.0
0.0,0.0,1.0,0.0,0.0
0.0,0.8460334944281342,0.0,0.15396650557186575,0.0
0.0,1.0,0.0,0.0,0.0
0.0,1.0,0.0,0.0,0.0
1.0,0.0,0.0,0.0,0.0
1.0,0.0,0.0,0.0,0.0
0.0,0.0,0.0,1.0,0.0
1.0,0.0,0.0,0.0,0.0
0.0,0.0,1.0,0.0,0.0
0.0,1.0,0.0,0.0,0.0
1.0,0.0,0.0,0.0,0.0
1.0,0.0,0.0,0.0,0.0
0.0,1.0,0.0,0.0,0.0
0.0,0.0,0.0,1.0,0.0
0.0,0.0,0.0,1.0,0.0
0.0,0.0,0.0,1.0,0.0
0.0,0.0,0.0,1.0,0.0
0.0,1.0,0.0,0.0,0.0
0.0,1.0,0.0,0.0,0.0
0.0,0.0,1.0,0.0,0.0
0.0,0.0,0.0,1.0,0.0
0.0,1.0,0.0,0.0,0.0
1.0,0.0,0.0,0.0,0.0
0.0,0.0,1.0,0.0,0.0
1.0,0.0,0.0,0.0,0.0
0.0,0.0,0.0,0.0,1.0
0.0,1.0,0.0,0.0,0.0
0.0,0.0,0.0,0.0,1.0
0.0,1.0,0.0,0.0,0.0
0.0,1.0,0.0,0.0,0.0
0.0,0.0,0.0,1.0,0.0
0.0,0.0,1.0,0.0,0.0
0.0,0.0,0.0,0.0,1.0
0.0,0.0,0.0,1.0,0.0
0.0,1.0,0.0,0.0,0.0
0.0,0.0,1.0,0.0,0.0
0.0,0.0,1.0,0.0,0.0
0.0,1.0,0.0,0.0,0.0
0.0,0.0,0.0,0.09173062907020224,0.9082693709298013
1.0,0.0,0.0,0.0,0.0
0.0,1.0,0.0,0.0,0.0
0.0,0.0,0.0,0.0,1.0
0.0,0.0,0.0,1.0,0.0
0.0,1.0,0.0,0.0,0.0
0.0,0.0,1.0,0.0,0.0
0.0,0.0,0.0,1.0,0.0
0.0,1.0,0.0,0.0,0.0
0.0,0.0,0.0,1.0,0.0
0.0,1.0,0.0,0.0,0.0
0.0,0.0,0.0,0.0,1.0
0.0,1.0,0.0,0.0,0.0
0.0,1.0,0.0,0.0,0.0
1.0,0.0,0.0,0.0,0.0
0.0,0.0,1.0,0.0,0.0
0.0,0.0,0.0,0.0,1.0
0.0,1.0,0.0,0.0,0.0
0.0,0.0,0.0,1.0,0.0
0.0,1.0,0.0,0.0,0.0
0.0,1.0,0.0,0.0,0.0
1.0,0.0,0.0,0.0,0.0
0.0,0.0,0.0,0.0,1.0
0.0,0.0,1.0,0.0,0.0
0.0,0.0,0.0,0.0,1.0
0.0,1.0,0.0,0.0,0.0
0.0,1.0,0.0,0.0,0.0
0.0,1.0,0.0,0.0,0.0
0.0,0.0,0.0,0.0,1.0
0.0,1.0,0.0,0.0,0.0
0.0,0.0,0.0,0.0,1.0
0.0,1.0,0.0,0.0,0.0
0.0,0.0,0.0,1.0,0.0
1.0,0.0,0.0,0.0,0.0
1.0,0.0,0.0,0.0,0.0
0.0,1.0,0.0,0.0,0.0
0.0,1.0,0.0,0.0,0.0
0.0,0.0,0.0,1.0,0.0
0.0,0.0,0.0,1.0,0.0
0.0,1.0,0.0,0.0,0.0
0.0,0.0,0.0,0.0,1.0
0.0,1.0,0.0,0.0,0.0
1.0,0.0,0.0,0.0,0.0
1.0,0.0,0.0,0.0,0.0
1.0,0.0,0.0,0.0,0.0
0.0,1.0,0.0,0.0,0.0
0.0,1.0,0.0,0.0,0.0
0.0,0.0,0.0,1.0,0.0
0.0,0.0,0.0,0.0,1.0
0.0,0.0,1.0,0.0,0.0
0.0,1.0,0.0,0.0,0.0
0.0,1.0,0.0,0.0,0.0
0.0,0.0,1.0,0.0,0.0
0.0,1.0,0.0,0.0,0.0
0.0,0.0,0.0,1.0,0.0
0.0,0.0,0.0,1.0,0.0
0.0,1.0,0.0,0.0,0.0
1.0,0.0,0.0,0.0,0.0
0.0,1.0,0.0,0.0,0.0
1.0,0.0,0.0,0.0,0.0
0.0,0.0,0.0,1.0,0.0
0.0,0.0,0.0,0.0,1.0
0.0,0.0,0.0,1.0,0.0
0.0,1.0,0.0,0.0,0.0
0.0,0.0,0.0,1.0,0.0
0.0,0.0,0.0,0.0,1.0
0.0,0.0,0.0,0.0,1.0
1.0,0.0,0.0,0.0,0.0
0.0,1.0,0.0,0.0,0.0
0.0,1.0,0.0,0.0,0.0
0.0,0.0,0.0,0.0,1.0
0.0,0.0,0.0,0.0,1.0
0.42392224492900255,0.0,0.0,0.0,0.5760777550709975
1.0,0.0,0.0,0.0,0.0
0.0,0.0,1.0,0.0,0.0
0.0,0.0,0.0,0.0,1.0
0.0,1.0,0.0,0.0,0.0
0.0,0.0,0.0,0.0,1.0
1.0,0.0,0.0,0.0,0.0
1.0,0.0,0.0,0.0,0.0
0.0,1.0,0.0,0.0,0.0
0.0,0.0,0.0,0.0,1.0
0.0,1.0,0.0,0.0,0.0
0.0,1.0,0.0,0.0,0.0
1.0,0.0,0.0,0.0,0.0
0.0,0.0,1.0,0.0,0.0
1.0,0.0,0.0,0.0,0.0
0.0,0.0,0.0,1.0,0.0
0.0,0.0,0.0,0.0,1.0
0.0,1.0,0.0,0.0,0.0
0.0,0.0,0.0,0.0,1.0
0.0,0.0,0.0,1.0,0.0
0.0,0.0,0.0,0.0,1.0
0.0,0.0,0.0,1.0,0.0
0.0,1.0,0.0,0.0,0.0
0.0,0.0,1.0,0.0,0.0
0.0,0.0,1.0,0.0,0.0
0.0,0.0,1.0,0.0,0.0
0.0,0.0,0.0,1.0,0.0
0.0,0.0,0.0,1.0,0.0
0.0,1.0,0.0,0.0,0.0
0.0,0.0,0.0,0.0,1.0
1.0,0.0,0.0,0.0,0.0
0.04119418400952668,0.9588058159904662,0.0,0.0,0.0
0.0,0.0,0.0,0.0,1.0
0.0,0.0,0.0,0.0,1.0
0.0,0.0,0.0,0.0,1.0
0.0,1.0,0.0,0.0,0.0
0.0,0.0,1.0,0.0,0.0
0.0,0.0,1.0,0.0,0.0
0.0,1.0,0.0,0.0,0.0
0.0,0.0,0.0,0.0,1.0
0.0,1.0,0.0,0.0,0.0
0.0,0.0,0.0,0.0,1.0
0.0,1.0,0.0,0.0,0.0
0.0,1.0,0.0,0.0,0.0
0.0,0.0,0.0,0.0,1.0
0.0,1.0,0.0,0.0,0.0
0.0,0.0,0.0,0.0,1.0
0.0,0.0,1.0,0.0,0.0
0.0,0.0,0.0,0.0,1.0
0.0,0.0,0.0,1.0,0.0
0.0,0.0,0.0,0.0,1.0
0.0,1.0,0.0,0.0,0.0
0.0,0.0,1.0,0.0,0.0
0.0,0.0,1.0,0.0,0.0
1.0,0.0,0.0,0.0,0.0
1.0,0.0,0.0,0.0,0.0
1.0,0.0,0.0,0.0,0.0
0.0,1.0,0.0,0.0,0.0
0.0,0.0,0.0,0.0,1.0
1.0,0.0,0.0,0.0,0.0
0.0,1.0,0.0,0.0,0.0
0.0,1.0,0.0,0.0,0.0
0.0,1.0,0.0,0.0,0.0
0.0,0.0,0.0,0.0,1.0
1.0,0.0,0.0,0.0,0.0
0.0,0.0,0.5529077308119099,0.4470922691880901,0.0
0.0,1.0,0.0,0.0,0.0
0.0,0.0,1.0,0.0,0.0
0.0,0.0,0.0,1.0,0.0
0.0,1.0,0.0,0.0,0.0
1.0,0.0,0.0,0.0,0.0
0.0,0.0,0.0,0.0,1.0
0.0,0.0,0.0,1.0,0.0
1.0,0.0,0.0,0.0,0.0
0.0,0.0,0.0,0.0,1.0
0.0,0.0,0.0,1.0,0.0
1.0,0.0,0.0,0.0,0.0
0.0,0.0,1.0,0.0,0.0
0.0,1.0,0.0,0.0,0.0
0.0,0.0,0.0,0.0,1.0
0.0,1.0,0.0,0.0,0.0
0.0,0.0,0.0,0.0,1.0
0.0,1.0,0.0,0.0,0.0
0.0,0.0,1.0,0.0,0.0
0.0,1.0,0.0,0.0,0.0
0.0,0.0,0.0,0.0,1.0
1.0,0.0,0.0,0.0,0.0
0.0,1.0,0.0,0.0,0.0
0.0,1.0,0.0,0.0,0.0
0.0,0.0,0.0,0.0,1.0
1.0,0.0,0.0,0.0,0.0
0.0,0.0,1.0,0.0,0.0
0.0,1.0,0.0,0.0,0.0
1.0,0.0,0.0,0.0,0.0
1.0,0.0,0.0,0.0,0.0
0.0,1.0,0.0,0.0,0.0
0.0,0.0,0.0,1.0,0.0
0.0,1.0,0.0,0.0,0.0
0.0,1.0,0.0,0.0,0.0
0.0,0.0,0.0,1.0,0.0
0.0,1.0,0.0,0.0,0.0
0.0,1.0,0.0,0.0,0.0
0.0,1.0,0.0,0.0,0.0
1.0,0.0,0.0,0.0,0.0
1.0,0.0,0.0,0.0,0.0
1.0,0.0,0.0,0.0,0.0
1.0,0.0,0.0,0.0,0.0
0.0,1.0,0.0,0.0,0.0
0.0,0.0,0.0,0.0,1.0
0.0,1.0,0.0,0.0,0.0
1.0,0.0,0.0,0.0,0.0
1.0,0.0,0.0,0.0,0.0
0.0,0.0,0.0,0.0,1.0
0.0,0.0,0.0,1.0,0.0
0.0,0.0,0.0,1.0,0.0
0.0,1.0,0.0,0.0,0.0
0.0,1.0,0.0,0.0,0.0
0.0,0.0,0.0,0.0,1.0
0.0,1.0,0.0,0.0,0.0
0.0,1.0,0.0,0.0,0.0
0.0,0.0,0.0,0.0,1.0
1.0,0.0,0.0,0.0,0.0
0.0,1.0,0.0,0.0,0.0
1.0,0.0,0.0,0.0,0.0
0.0,1.0,0.0,0.0,0.0
0.0,0.0,0.0,1.0,0.0
0.0,0.0,0.0,1.0,0.0
0.0,0.0,0.0,1.0,0.0
0.0,0.0,0.0,0.0,1.0
0.0,0.0,0.0,0.0,1.0
0.0,0.0,1.0,0.0,0.0
1.0,0.0,0.0,0.0,0.0
1.0,0.0,0.0,0.0,0.0
1.0,0.0,0.0,0.0,0.0
0.0,1.0,0.0,0.0,0.0
0.0,0.0,0.0,0.0,1.0
0.0,1.0,0.0,0.0,0.0
0.0,0.0,1.0,0.0,0.0
0.0,1.0,0.0,0.0,0.0
0.0,0.0,1.0,0.0,0.0
0.0,1.0,0.0,0.0,0.0
0.0,0.0,0.0,1.0,0.0
0.0,0.0,0.0,1.0,0.0
0.0,0.0,0.0,0.0,1.0
1.0,0.0,0.0,0.0,0.0
0.0,1.0,0.0,0.0,0.0
0.0,1.0,0.0,0.0,0.0
0.0,1.0,0.0,0.0,0.0
0.0,1.0,0.0,0.0,0.0
1.0,0.0,0.0,0.0,0.0
0.0,1.0,0.0,0.0,0.0
1.0,0.0,0.0,0.0,0.0
0.0,0.0,0.0,0.0,1.0
0.0,0.0,0.0,0.0,1.0
0.0,0.0,0.0,1.0,0.0
1.0,0.0,0.0,0.0,0.0
0.0,1.0,0.0,0.0,0.0
0.0,1.0,0.0,0.0,0.0
1.0,0.0,0.0,0.0,0.0
0.0,1.0,0.0,0.0,0.0
0.0,0.0,0.0,0.0,1.0
0.0,0.0,0.0,1.0,0.0
0.0,0.0,1.0,0.0,0.0
0.0,1.0,0.0,0.0,0.0
0.0,1.0,0.0,0.0,0.0
0.0,0.0,1.0,0.0,0.0
0.0,0.0,0.0,1.0,0.0
0.0,0.0,1.0,0.0,0.0
0.0,0.0,0.0,0.0,1.0
1.0,0.0,0.0,0.0,0.0
0.0,1.0,0.0,0.0,0.0
0.0,0.0,0.0,0.0,1.0
0.0,0.0,0.0,1.0,0.0
0.0,1.0,0.0,0.0,0.0
0.0,1.0,0.0,0.0,0.0
0.0,1.0,0.0,0.0,0.0
0.0,1.0,0.0,0.0,0.0
0.0,0.0,0.0,1.0,0.0
0.0,0.0,0.0,0.0,1.0
1.0,0.0,0.0,0.0,0.0
1.0,0.0,0.0,0.0,0.0
0.0,0.0,1.0,0.0,0.0
0.0,0.0,0.0,1.0,0.0
0.0,1.0,0.0,0.0,0.0
0.0,0.0,1.0,0.0,0.0
0.0,1.0,0.0,0.0,0.0
1.0,0.0,0.0,0.0,0.0
0.0,1.0,0.0,0.0,0.0
1.0,0.0,0.0,0.0,0.0
0.0,0.0,0.0,0.0,1.0
0.0,0.0,1.0,0.0,0.0
0.0,0.0,1.0,0.0,0.0
0.0,0.0,1.0,0.0,0.0
0.0,0.0,0.0,0.0,1.0
0.0,0.0,0.0,1.0,0.0
0.0,1.0,0.0,0.0,0.0
1.0,0.0,0.0,0.0,0.0
1.0,0.0,0.0,0.0,0.0
1.0,0.0,0.0,0.0,0.0
0.0,0.0,1.0,0.0,0.0
0.0,0.0,0.0,0.0,1.0
0.0,0.0,0.0,1.0,0.0
1.0,0.0,0.0,0.0,0.0
0.0,0.0,0.0,1.0,0.0
0.0,0.0,0.0,0.0,1.0
0.0,1.0,0.0,0.0,0.0
0.0,0.0,1.0,0.0,0.0
0.0,1.0,0.0,0.0,0.0
1.0,0.0,0.0,0.0,0.0
0.0,0.0,1.0,0.0,0.0
0.0,0.0,0.0,1.0,0.0
0.0,1.0,0.0,0.0,0.0
0.0,1.0,0.0,0.0,0.0
0.0,0.0,0.0,1.0,0.0
0.0,1.0,0.0,0.0,0.0
0.0,0.0,0.0,0.0,1.0
1.0,0.0,0.0,0.0,0.0
0.0,0.0,0.0,0.0,1.0
0.0,0.0,0.0,0.0,1.0
0.0,1.0,0.0,0.0,0.0
0.0,1.0,0.0,0.0,0.0
0.0,0.0,0.0,0.0,1.0
0.0,1.0,0.0,0.0,0.0
0.0,0.0,0.0,0.0,1.0
0.0,0.0,1.0,0.0,0.0
0.0,1.0,0.0,0.0,0.0
1.0,0.0,0.0,0.0,0.0
0.0,0.0,0.0,1.0,0.0
0.0,1.0,0.0,0.0,0.0
0.0,0.0,0.0,0.0,1.0
1.0,0.0,0.0,0.0,0.0
0.0,0.0,0.0,0.0,1.0
0.0,0.0,0.0,0.0,1.0
0.0,1.0,0.0,0.0,0.0
0.0,1.0,0.0,0.0,0.0
0.0,1.0,0.0,0.0,0.0
1.0,0.0,0.0,0.0,0.0
0.0,1.0,0.0,0.0,0.0
0.0,1.0,0.0,0.0,0.0
1.0,0.0,0.0,0.0,0.0
0.0,0.0,0.0,0.0,1.0
0.0,0.0,0.0,1.0,0.0
0.0,1.0,0.0,0.0,0.0
0.0,0.0,1.0,0.0,0.0
1.0,0.0,0.0,0.0,0.0
0.0,0.0,0.0,0.0,1.0
0.0,0.0,0.0,0.0,1.0
0.0,1.0,0.0,0.0,0.0
0.0,0.0,0.0,1.0,0.0
0.0,0.0,0.0,0.0,1.0
0.0,1.0,0.0,0.0,0.0
0.0,0.0,0.0,0.0,1.0
0.0,0.0,0.0,1.0,0.0
0.0,1.0,0.0,0.0,0.0
0.0,0.0,0.0,0.0,1.0
0.0,0.0,0.0,1.0,0.0
0.0,1.0,0.0,0.0,0.0
0.0,1.0,0.0,0.0,0.0
1.0,0.0,0.0,0.0,0.0
0.0,1.0,0.0,0.0,0.0
0.0,0.0,0.0,1.0,0.0
0.0,0.0,0.0,1.0,0.0
1.0,0.0,0.0,0.0,0.0
0.0,0.0,0.0,1.0,0.0
0.0,1.0,0.0,0.0,0.0
0.0,0.0,1.0,0.0,0.0
0.0,1.0,0.0,0.0,0.0
0.0,0.0,0.0,0.0,1.0
0.0,0.0,0.0,0.0,1.0
0.0,0.0,0.0,1.0,0.0
1.0,0.0,0.0,0.0,0.0
1.0,0.0,0.0,0.0,0.0
0.0,0.0,1.0,0.0,0.0
1.0,0.0,0.0,0.0,0.0
0.0,0.0,0.0,0.0,1.0
0.0,1.0,0.0,0.0,0.0
0.0,0.0,0.0,1.0,0.0
0.0,1.0,0.0,0.0,0.0
0.0,0.0,0.0,0.0,1.0
0.0,0.0,0.0,0.0,1.0
0.0,0.0,0.0,1.0,0.0
1.0,0.0,0.0,0.0,0.0
1.0,0.0,0.0,0.0,0.0
1.0,0.0,0.0,0.0,0.0
1.0,0.0,0.0,0.0,0.0
1.0,0.0,0.0,0.0,0.0
0.0,1.0,0.0,0.0,0.0
0.0,0.0,0.0,0.0,1.0
0.0,1.0,0.0,0.0,0.0
0.0,0.0,1.0,0.0,0.0
0.0,0.0,0.0,0.0,1.0
0.0,0.0,0.0,1.0,0.0
0.0,0.0,0.0,0.0,1.0
1.0,0.0,0.0,0.0,0.0
0.0,1.0,0.0,0.0,0.0
0.0,0.0,0.0,0.0,1.0
0.0,1.0,0.0,0.0,0.0
0.0,0.0,0.0,1.0,0.0
1.0,0.0,0.0,0.0,0.0
0.0,1.0,0.0,0.0,0.0
0.0,0.0,0.0,1.0,0.0
0.0,0.0,0.0,0.0,1.0
1.0,0.0,0.0,0.0,0.0
0.0,0.0,0.0,0.0,1.0
0.0,0.0,0.0,0.0,1.0
0.0,0.0,0.0,1.0,0.0
0.0,1.0,0.0,0.0,0.0
0.0,0.0,0.0,1.0,0.0
0.0,0.0,0.0,0.0,1.0
0.0,1.0,0.0,0.0,0.0
0.0,0.0,0.0,0.0,1.0
1.0,0.0,0.0,0.0,0.0
0.0,0.0,1.0,0.0,0.0
0.0,1.0,0.0,0.0,0.0
0.0,0.0,0.0,0.0,1.0
1.0,0.0,0.0,0.0,0.0
0.0,0.0,0.0,0.0,1.0
0.0,0.0,0.0,0.0,1.0
0.0,0.0,0.0,1.0,0.0
1.0,0.0,0.0,0.0,0.0
0.0,0.0,1.0,0.0,0.0
1.0,0.0,0.0,0.0,0.0
1.0,0.0,0.0,0.0,0.0
0.0,1.0,0.0,0.0,0.0
1.0,0.0,0.0,0.0,0.0
0.0,0.0,0.4662594756475471,0.0,0.5337405243524564
0.0,1.0,0.0,0.0,0.0
0.0,0.0,0.0,1.0,0.0
0.0,1.0,0.0,0.0,0.0
0.0,0.0,0.0,1.0,0.0
0.0,0.0,0.0,1.0,0.0
1.0,0.0,0.0,0.0,0.0
0.0,1.0,0.0,0.0,0.0
0.0,0.0,1.0,0.0,0.0
0.0,1.0,0.0,0.0,0.0
0.0,1.0,0.0,0.0,0.0
0.0,1.0,0.0,0.0,0.0
0.0,0.0,1.0,0.0,0.0
0.0,0.0,0.0,1.0,0.0
0.0,0.0,0.0,0.0,1.0
0.0,1.0,0.0,0.0,0.0
0.0,0.0,1.0,0.0,0.0
0.0,0.0,0.0,0.0,1.0
0.0,0.0,0.0,0.0,1.0
0.0,1.0,0.0,0.0,0.0
0.0,1.0,0.0,0.0,0.0
0.0,1.0,0.0,0.0,0.0
1.0,0.0,0.0,0.0,0.0
0.0,0.0,1.0,0.0,0.0
1.0,0.0,0.0,0.0,0.0
0.0,1.0,0.0,0.0,0.0
0.0,1.0,0.0,0.0,0.0
0.0,0.0,1.0,0.0,0.0
1.0,0.0,0.0,0.0,0.0
0.0,1.0,0.0,0.0,0.0
0.0,0.460860511452168,0.5391394885478284,0.0,0.0
0.0,0.0,0.0,0.0,1.0
0.0,0.0,0.0,0.0,1.0
1.0,0.0,0.0,0.0,0.0
0.0,1.0,0.0,0.0,0.0
1.0,0.0,0.0,0.0,0.0
0.0,0.0,0.0,0.0,1.0
1.0,0.0,0.0,0.0,0.0
0.0,0.0,0.0,0.0,1.0
1.0,0.0,0.0,0.0,0.0
0.0,1.0,0.0,0.0,0.0
0.0,1.0,0.0,0.0,0.0
0.0,1.0,0.0,0.0,0.0
0.0,1.0,0.0,0.0,0.0
0.0,0.0,0.0,1.0,0.0
0.0,0.0,0.0,0.0,1.0
0.0,0.0,1.0,0.0,0.0
1.0,0.0,0.0,0.0,0.0
0.0,1.0,0.0,0.0,0.0
0.0,1.0,0.0,0.0,0.0
0.0,0.0,0.0,0.0,1.0
0.0,0.0,1.0,0.0,0.0
0.0,0.0,1.0,0.0,0.0
0.0,1.0,0.0,0.0,0.0
0.0,1.0,0.0,0.0,0.0
1.0,0.0,0.0,0.0,0.0
0.0,0.0,1.0,0.0,0.0
1.0,0.0,0.0,0.0,0.0
1.0,0.0,0.0,0.0,0.0
0.0,1.0,0.0,0.0,0.0
0.0,0.0,0.0,0.0,1.0
0.0,1.0,0.0,0.0,0.0
0.0,1.0,0.0,0.0,0.0
0.0,0.0,0.0,1.0,0.0
0.0,1.0,0.0,0.0,0.0
0.0,0.0,0.0,0.0,1.0
0.0,1.0,0.0,0.0,0.0
0.0,1.0,0.0,0.0,0.0
0.0,1.0,0.0,0.0,0.0
0.0,0.0,0.0,0.0,1.0
0.0,0.0,0.0,0.0,1.0
0.0,0.0,1.0,0.0,0.0
0.0,0.0,1.0,0.0,0.0
1.0,0.0,0.0,0.0,0.0
0.0,1.0,0.0,0.0,0.0
0.0,0.0,1.0,0.0,0.0
0.0,0.0,1.0,0.0,0.0
0.0,0.0,0.0,0.0,1.0
0.0,1.0,0.0,0.0,0.0
0.0,1.0,0.0,0.0,0.0
0.0,0.0,0.0,1.0,0.0
0.0,0.0,0.0,0.0,1.0
0.0,1.0,0.0,0.0,0.0
0.0,0.0,0.0,0.0,1.0
1.0,0.0,0.0,0.0,0.0
0.0,1.0,0.0,0.0,0.0
0.0,0.0,0.0,1.0,0.0
0.0,0.0,0.0,1.0,0.0
0.0,1.0,0.0,0.0,0.0
0.0,0.0,1.0,0.0,0.0
0.0,0.0,0.0,0.0,1.0
1.0,0.0,0.0,0.0,0.0
1.0,0.0,0.0,0.0,0.0
0.0,0.0,0.0,0.0,1.0
0.0,1.0,0.0,0.0,0.0
0.0,0.0,0.0,1.0,0.0
1.0,0.0,0.0,0.0,0.0
1.0,0.0,0.0,0.0,0.0
0.0,0.0,1.0,0.0,0.0
0.0,0.0,0.0,1.0,0.0
0.0,0.0,0.0,0.0,1.0
1.0,0.0,0.0,0.0,0.0
0.0,0.0,0.0,0.0,1.0
0.0,1.0,0.0,0.0,0.0
0.0,1.0,0.0,0.0,0.0
0.0,0.0,0.0,0.0,1.0
0.0,0.0,0.0,1.0,0.0
0.0,0.0,0.0,0.0,1.0
0.0,1.0,0.0,0.0,0.0
0.0,0.0,0.0,1.0,0.0
0.0,0.0,0.0,1.0,0.0
0.0,1.0,0.0,0.0,0.0
0.0,1.0,0.0,0.0,0.0
0.0,1.0,0.0,0.0,0.0
0.0,0.0,0.0,0.0,1.0
1.0,0.0,0.0,0.0,0.0
0.0,1.0,0.0,0.0,0.0
1.0,0.0,0.0,0.0,0.0
0.0,1.0,0.0,0.0,0.0
0.0,0.0,1.0,0.0,0.0
0.0,0.0,0.0,0.0,1.0
0.0,1.0,0.0,0.0,0.0
0.0,0.0,0.0,0.0,1.0
0.0,0.0,0.0,1.0,0.0
0.0,0.0,1.0,0.0,0.0
0.0,1.0,0.0,0.0,0.0
0.0,1.0,0.0,0.0,0.0
0.0,1.0,0.0,0.0,0.0
0.0,0.0,0.0,0.0,1.0
0.0,0.0,0.0,0.0,1.0
0.0,0.0,1.0,0.0,0.0
0.0,0.0,0.0,1.0,0.0
0.0,1.0,0.0,0.0,0.0
0.0,1.0,0.0,0.0,0.0
0.0,0.0,0.0,0.0,1.0
0.0,1.0,0.0,0.0,0.0
1.0,0.0,0.0,0.0,0.0
0.0,1.0,0.0,0.0,0.0
0.0,1.0,0.0,0.0,0.0
0.0,0.0,0.0,0.0,1.0
1.0,0.0,0.0,0.0,0.0
0.0,0.0,1.0,0.0,0.0
0.0,1.0,0.0,0.0,0.0
1.0,0.0,0.0,0.0,0.0
0.0,0.0,1.0,0.0,0.0
0.0,0.0,0.0,0.0,1.0
0.0,1.0,0.0,0.0,0.0
0.0,1.0,0.0,0.0,0.0
0.0,0.0,0.0,0.0,1.0
0.0,1.0,0.0,0.0,0.0
1.0,0.0,0.0,0.0,0.0
0.0,0.0,1.0,0.0,0.0
0.0,0.0,0.0,0.0,1.0
0.0,1.0,0.0,0.0,0.0
0.0,1.0,0.0,0.0,0.0
1.0,0.0,0.0,0.0,0.0
0.0,1.0,0.0,0.0,0.0
0.0,0.0,0.0,1.0,0.0
0.0,0.0,0.0,0.0,1.0
0.0,0.0,1.0,0.0,0.0
0.0,1.0,0.0,0.0,0.0
0.0,1.0,0.0,0.0,0.0
1.0,0.0,0.0,0.0,0.0
0.0,0.0,0.0,0.0,1.0
0.0,1.0,0.0,0.0,0.0
0.0,0.0,1.0,0.0,0.0
0.0,0.0,0.0,1.0,0.0
0.0,0.0,1.0,0.0,0.0
0.0,0.0,0.0,0.0,1.0
1.0,0.0,0.0,0.0,0.0
0.0,0.0,0.0,0.0,1.0
1.0,0.0,0.0,0.0,0.0
0.0,1.0,0.0,0.0,0.0
0.0,1.0,0.0,0.0,0.0
1.0,0.0,0.0,0.0,0.0
0.0,0.0,0.0,0.0,1.0
1.0,0.0,0.0,0.0,0.0
1.0,0.0,0.0,0.0,0.0
0.0,0.0,1.0,0.0,0.0
0.0,0.0,1.0,0.0,0.0
0.0,0.0,0.0,1.0,0.0
0.4109279891966757,0.0,0.5890720108033278,0.0,0.0
0.0,1.0,0.0,0.0,0.0
1.0,0.0,0.0,0.0,0.0
0.0,1.0,0.0,0.0,0.0
0.0,0.0,0.0,0.0,1.0
0.0,0.0,0.0,0.0,1.0
1.0,0.0,0.0,0.0,0.0
0.0,1.0,0.0,0.0,0.0
1.0,0.0,0.0,0.0,0.0
0.0,0.0,0.0,1.0,0.0
0.0,1.0,0.0,0.0,0.0
0.0,1.0,0.0,0.0,0.0
0.0,1.0,0.0,0.0,0.0
0.0,0.0,1.0,0.0,0.0
0.0,0.0,0.0,0.0,1.0
0.0,1.0,0.0,0.0,0.0
0.0,0.0,0.0,0.0,1.0
0.0,1.0,0.0,0.0,0.0
0.0,0.0,1.0,0.0,0.0
0.0,1.0,0.0,0.0,0.0
0.0,0.0,0.0,1.0,0.0
0.0,0.0,1.0,0.0,0.0
1.0,0.0,0.0,0.0,0.0
0.0,0.0,1.0,0.0,0.0
1.0,0.0,0.0,0.0,0.0
0.0,0.0,0.0,0.0,1.0
0.0,0.0,1.0,0.0,0.0
0.0,0.0,0.0,0.0,1.0
1.0,0.0,0.0,0.0,0.0
1.0,0.0,0.0,0.0,0.0
0.0,0.0,0.0,0.0,1.0
0.0,0.0,1.0,0.0,0.0
0.0,1.0,0.0,0.0,0.0
0.0,0.0,0.0,0.0,1.0
1.0,0.0,0.0,0.0,0.0
0.0,1.0,0.0,0.0,0.0
0.0,1.0,0.0,0.0,0.0
0.0,0.0,0.0,1.0,0.0
0.0,0.0,0.0,0.0,1.0
0.0,0.0,0.0,0.0,1.0
0.0,1.0,0.0,0.0,0.0
0.0,1.0,0.0,0.0,0.0
0.0,0.0,0.0,0.0,1.0
0.0,0.0,1.0,0.0,0.0
0.0,1.0,0.0,0.0,0.0
0.0,0.0,0.0,1.0,0.0
0.0,0.0,0.0,1.0,0.0
0.216731344232997,0.7832686557669888,0.0,0.0,0.0
0.0,1.0,0.0,0.0,0.0
0.0,1.0,0.0,0.0,0.0
1.0,0.0,0.0,0.0,0.0
0.0,0.0,0.07639173941443289,0.0,0.9236082605855671
0.0,0.0,1.0,0.0,0.0
0.0,0.0,0.0,0.0,1.0
0.0,1.0,0.0,0.0,0.0
1.0,0.0,0.0,0.0,0.0
0.0,1.0,0.0,0.0,0.0
0.0,0.0,0.0,0.0,1.0
0.0,0.0,1.0,0.0,0.0
0.0,0.0,0.0,0.0,1.0
0.0,1.0,0.0,0.0,0.0
1.0,0.0,0.0,0.0,0.0
0.0,1.0,0.0,0.0,0.0
0.0,0.0,1.0,0.0,0.0
0.0,0.0,0.0,0.0,1.0
1.0,0.0,0.0,0.0,0.0
0.0,0.0,0.0,0.0,1.0
0.0,0.0,0.0,1.0,0.0
0.0,1.0,0.0,0.0,0.0
0.0,0.0,1.0,0.0,0.0
0.0,1.0,0.0,0.0,0.0
0.0,0.0,0.0,1.0,0.0
0.0,0.0,0.0,0.0,1.0
0.0,0.0,0.0,0.0,1.0
0.0,0.0,0.0,0.0,1.0
0.0,0.0,1.0,0.0,0.0
0.0,0.0,0.0,0.0,1.0
1.0,0.0,0.0,0.0,0.0
0.0,1.0,0.0,0.0,0.0
0.0,0.0,1.0,0.0,0.0
0.0,1.0,0.0,0.0,0.0
0.0,1.0,0.0,0.0,0.0
1.0,0.0,0.0,0.0,0.0
0.0,0.0,1.0,0.0,0.0
0.0,0.0,0.0,0.0,1.0
0.0,0.0,1.0,0.0,0.0
0.0,0.0,0.0,0.0,1.0
0.0,1.0,0.0,0.0,0.0
0.0,1.0,0.0,0.0,0.0
0.0,1.0,0.0,0.0,0.0
0.0,1.0,0.0,0.0,0.0
0.0,0.0,0.0,0.0,1.0
0.0,0.0,0.0,0.0,1.0
0.0,0.0,0.0,1.0,0.0
0.0,1.0,0.0,0.0,0.0
0.0,0.0,0.0,0.0,1.0
0.0,1.0,0.0,0.0,0.0
0.0,0.0,1.0,0.0,0.0
0.0,0.0,0.0,1.0,0.0
0.0,0.0,0.0,0.0,1.0
1.0,0.0,0.0,0.0,0.0
0.0,0.0,0.0,0.0,1.0
0.0,0.0,0.0,1.0,0.0
0.0,0.0,1.0,0.0,0.0
0.0,1.0,0.0,0.0,0.0
0.0,0.0,0.0,0.0,1.0
0.0,1.0,0.0,0.0,0.0
0.0,0.0,0.0,1.0,0.0
1.0,0.0,0.0,0.0,0.0
0.0,1.0,0.0,0.0,0.0
0.0,0.0,1.0,0.0,0.0
0.0,0.0,0.0,1.0,0.0
1.0,0.0,0.0,0.0,0.0
0.0,0.0,1.0,0.0,0.0
0.0,1.0,0.0,0.0,0.0
0.0,1.0,0.0,0.0,0.0
0.0,0.0,0.0,0.0,1.0
1.0,0.0,0.0,0.0,0.0
0.0,0.0,1.0,0.0,0.0
0.0,0.0,0.0,1.0,0.0
0.0,1.0,0.0,0.0,0.0
1.0,0.0,0.0,0.0,0.0
0.0,1.0,0.0,0.0,0.0
0.0,1.0,0.0,0.0,0.0
0.0,1.0,0.0,0.0,0.0
0.0,0.0,0.0,0.0,1.0
0.0,0.0,1.0,0.0,0.0
0.0,0.0,0.0,1.0,0.0
0.0,0.0,1.0,0.0,0.0
0.0,0.0,0.0,0.0,1.0
0.0,0.0,1.0,0.0,0.0
1.0,0.0,0.0,0.0,0.0
0.0,0.0,0.0,0.0,1.0
0.0,1.0,0.0,0.0,0.0
0.0,0.0,0.0,0.0,1.0
0.0,1.0,0.0,0.0,0.0
0.0,1.0,0.0,0.0,0.0
0.0,0.0,0.0,0.0,1.0
0.0,0.0,1.0,0.0,0.0
1.0,0.0,0.0,0.0,0.0
0.0,1.0,0.0,0.0,0.0
0.0,0.0,1.0,0.0,0.0
0.0,0.0,0.0,0.0,1.0
0.0,1.0,0.0,0.0,0.0
0.0,1.0,0.0,0.0,0.0
0.0,0.0,0.0,1.0,0.0
0.0,1.0,0.0,0.0,0.0
0.0,0.0,0.0,1.0,0.0
0.1084155805199245,0.0,0.0,0.881478614899244,0.010105804580838651
0.0,0.0,0.0,0.0,1.0
0.0,0.0,1.0,0.0,0.0
0.0,1.0,0.0,0.0,0.0
0.0,0.0,1.0,0.0,0.0
0.0,0.0,0.0,0.0,1.0
0.0,0.0,0.0,0.0,1.0
0.0,1.0,0.0,0.0,0.0
0.0,0.0,1.0,0.0,0.0
0.0,0.0,0.0,0.0,1.0
0.0,1.0,0.0,0.0,0.0
0.0,0.0,0.0,0.0,1.0
0.0,0.0,0.0,0.0,1.0
0.0,0.0,0.0,0.0,1.0
1.0,0.0,0.0,0.0,0.0
0.0,1.0,0.0,0.0,0.0
0.0,0.0,1.0,0.0,0.0
0.0,1.0,0.0,0.0,0.0
0.0,0.0,1.0,0.0,0.0
0.0,0.0,0.0,0.0,1.0
0.0,1.0,0.0,0.0,0.0
0.0,0.0,0.0,0.0,1.0
1.0,0.0,0.0,0.0,0.0
1.0,0.0,0.0,0.0,0.0
0.0,1.0,0.0,0.0,0.0
1.0,0.0,0.0,0.0,0.0
0.0,0.0,0.0,1.0,0.0
0.0,0.0,0.0,0.0,1.0
0.0,0.0,0.0,0.0,1.0
0.0,0.0,0.0,0.0,1.0
0.0,1.0,0.0,0.0,0.0
0.0,1.0,0.0,0.0,0.0
0.0,0.0,0.0,1.0,0.0
0.0,0.0,0.0,0.0,1.0
1.0,0.0,0.0,0.0,0.0
0.0,0.0,0.0,0.0,1.0
0.0,1.0,0.0,0.0,0.0
0.0,1.0,0.0,0.0,0.0
0.0,0.0,1.0,0.0,0.0
0.0,0.0,0.0,0.0,1.0
0.0,1.0,0.0,0.0,0.0
0.0,0.0,0.0,0.0,1.0
0.0,0.0,0.0,1.0,0.0
0.0,0.0,0.0,1.0,0.0
0.0,0.0,0.0,0.0,1.0
0.0,0.0,0.0,0.0,1.0
0.0,0.0,1.0,0.0,0.0
0.0,0.0,1.0,0.0,0.0
1.0,0.0,0.0,0.0,0.0
1.0,0.0,0.0,0.0,0.0
1.0,0.0,0.0,0.0,0.0
1.0,0.0,0.0,0.0,0.0
0.0,1.0,0.0,0.0,0.0
0.0,0.0,0.0,0.0,1.0
0.0,1.0,0.0,0.0,0.0
0.0,1.0,0.0,0.0,0.0
0.0,0.0,1.0,0.0,0.0
0.0,0.0,0.0,1.0,0.0
0.0,0.0,1.0,0.0,0.0
0.0,1.0,0.0,0.0,0.0
0.0,0.0,0.0,0.0,1.0
0.0,0.0,0.0,0.0,1.0
0.0,1.0,0.0,0.0,0.0
1.0,0.0,0.0,0.0,0.0
0.0,1.0,0.0,0.0,0.0
0.0,0.0,0.0,0.0,1.0
0.0,0.0,1.0,0.0,0.0
0.0,0.0,0.0,0.0,1.0
0.0,0.0,0.0,0.0,1.0
0.0,1.0,0.0,0.0,0.0
0.0,0.0,1.0,0.0,0.0
0.0,0.0,0.0,0.0,1.0
0.0,0.0,0.0,0.0,1.0
0.0,1.0,0.0,0.0,0.0
0.0,0.0,0.0,0.0,1.0
0.0,0.0,1.0,0.0,0.0
0.0,0.0,1.0,0.0,0.0
0.0,1.0,0.0,0.0,0.0
1.0,0.0,0.0,0.0,0.0
0.0,0.0,0.0,0.0,1.0
0.0,0.0,1.0,0.0,0.0
0.0,0.0,0.0,0.0,1.0
0.0,1.0,0.0,0.0,0.0
0.0,0.0,0.0,0.0,1.0
0.0,0.0,0.0,1.0,0.0
0.0,0.0,0.0,0.0,1.0
0.0,1.0,0.0,0.0,0.0
0.0,0.0,0.0,0.0,1.0
0.0,0.0,1.0,0.0,0.0
0.0,1.0,0.0,0.0,0.0
0.0,0.0,0.0,0.0,1.0
0.0,0.0,1.0,0.0,0.0
0.0,0.0,0.0,0.0,1.0
0.0,1.0,0.0,0.0,0.0
0.0,0.8084718656930434,0.0,0.0,0.1915281343069566
0.0,0.0,0.0,0.0,1.0
1.0,0.0,0.0,0.0,0.0
0.0,0.0,0.0,0.0,1.0
1.0,0.0,0.0,0.0,0.0
0.0,1.0,0.0,0.0,0.0
0.0,1.0,0.0,0.0,0.0
0.0,1.0,0.0,0.0,0.0
0.0,0.0,1.0,0.0,0.0
0.0,1.0,0.0,0.0,0.0
0.0,0.0,0.0,0.0,1.0
1.0,0.0,0.0,0.0,0.0
1.0,0.0,0.0,0.0,0.0
0.0,0.0,1.0,0.0,0.0
0.0,0.0,0.0,1.0,0.0
0.0,1.0,0.0,0.0,0.0
0.0,0.0,1.0,0.0,0.0
0.0,0.0,0.0,1.0,0.0
1.0,0.0,0.0,0.0,0.0
1.0,0.0,0.0,0.0,0.0
0.0,0.0,0.0,0.0,1.0
0.0,0.0,0.2608597058598363,0.0,0.7391402941401708
0.8314231978751572,0.0,0.0,0.16857680212484283,0.0
0.0,0.0,0.0,0.0,1.0
0.0,0.0,0.0,1.0,0.0
0.0,0.0,1.0,0.0,0.0
0.0,0.0,0.0,0.0,1.0
0.0,0.0,1.0,0.0,0.0
1.0,0.0,0.0,0.0,0.0
0.0,0.0,0.0,0.0,1.0
0.0,0.0,1.0,0.0,0.0
1.0,0.0,0.0,0.0,0.0
0.0,1.0,0.0,0.0,0.0
0.0,1.0,0.0,0.0,0.0
0.0,0.0,0.0,0.0,1.0
0.0,0.0,0.0,1.0,0.0
0.0,0.0,0.0,1.0,0.0
1.0,0.0,0.0,0.0,0.0
0.0,0.0,1.0,0.0,0.0
0.0,0.0,0.0,0.0,1.0
1.0,0.0,0.0,0.0,0.0
1.0,0.0,0.0,0.0,0.0
0.0,0.0,0.0,0.0,1.0
1.0,0.0,0.0,0.0,0.0
1.0,0.0,0.0,0.0,0.0
0.0,1.0,0.0,0.0,0.0
0.0,0.0,0.0,1.0,0.0
1.0,0.0,0.0,0.0,0.0
1.0,0.0,0.0,0.0,0.0
0.0,0.0,0.0,1.0,0.0
0.0,1.0,0.0,0.0,0.0
0.0,0.0,0.0,1.0,0.0
0.0,1.0,0.0,0.0,0.0
0.0,0.0,1.0,0.0,0.0
0.0,0.0,0.0,0.0,1.0
0.0,0.0,1.0,0.0,0.0
0.0,0.0,0.0,0.0,1.0
0.0,0.0,0.0,1.0,0.0
0.0,0.0,1.0,0.0,0.0
0.0,0.0,0.0,0.0,1.0
0.0,1.0,0.0,0.0,0.0
0.0,0.0,1.0,0.0,0.0
0.0,1.0,0.0,0.0,0.0
0.0,1.0,0.0,0.0,0.0
0.0,0.0,1.0,0.0,0.0
0.0,0.0,0.0,1.0,0.0
0.0,0.0,0.0,1.0,0.0
0.0,0.0,0.0,0.0,1.0
0.0,0.0,0.0,1.0,0.0
1.0,0.0,0.0,0.0,0.0
0.0,1.0,0.0,0.0,0.0
0.0,0.0,1.0,0.0,0.0
1.0,0.0,0.0,0.0,0.0
0.0,0.0,1.0,0.0,0.0
0.0,1.0,0.0,0.0,0.0
1.0,0.0,0.0,0.0,0.0
0.0,0.0,0.0,0.0,1.0
0.0,0.0,0.0,1.0,0.0
0.0,1.0,0.0,0.0,0.0
0.0,0.0,1.0,0.0,0.0
0.0,0.0,0.0,0.0,1.0
0.0,0.0,0.0,1.0,0.0
0.0,1.0,0.0,0.0,0.0
0.0,0.0,0.0,1.0,0.0
0.0,1.0,0.0,0.0,0.0
0.0,0.0,0.0,1.0,0.0
0.0,1.0,0.0,0.0,0.0
0.0,0.0,0.0,1.0,0.0
0.0,0.0,1.0,0.0,0.0
0.0,0.0,1.0,0.0,0.0
0.0,1.0,0.0,0.0,0.0
0.0,1.0,0.0,0.0,0.0
0.0,1.0,0.0,0.0,0.0
0.0,1.0,0.0,0.0,0.0
0.0,0.0,0.0,0.0,1.0
0.0,1.0,0.0,0.0,0.0
0.0,0.0,0.0,0.0,1.0
0.0,1.0,0.0,0.0,0.0
0.0,0.0,0.0,0.0,1.0
0.0,1.0,0.0,0.0,0.0
0.0,0.0,1.0,0.0,0.0
1.0,0.0,0.0,0.0,0.0
0.0,0.0,1.0,0.0,0.0
0.0,0.0,0.0,1.0,0.0
0.0,1.0,0.0,0.0,0.0
0.0,0.0,1.0,0.0,0.0
0.4087520525812529,0.0,0.0,0.0,0.5912479474187435
1.0,0.0,0.0,0.0,0.0
0.0,0.0,0.0,0.0,1.0
0.0,0.0,1.0,0.0,0.0
0.0,0.0,1.0,0.0,0.0
0.0,0.0,0.0,0.0,1.0
0.0,0.0,0.0,1.0,0.0
1.0,0.0,0.0,0.0,0.0
0.0,0.0,1.0,0.0,0.0
0.0,1.0,0.0,0.0,0.0
0.0,0.0,1.0,0.0,0.0
0.0,1.0,0.0,0.0,0.0
0.0,0.0,0.0,0.0,1.0
0.0,1.0,0.0,0.0,0.0
0.0,0.0,1.0,0.0,0.0
0.0,0.0,1.0,0.0,0.0
0.0,0.0,0.0,1.0,0.0
0.0,0.0,0.0,0.0,1.0
0.0,0.0,0.0,0.0,1.0
0.0,0.0,0.0,0.0,1.0
0.0,0.0,1.0,0.0,0.0
0.0,0.0,0.0,1.0,0.0
0.0,1.0,0.0,0.0,0.0
1.0,0.0,0.0,0.0,0.0
0.0,1.0,0.0,0.0,0.0
0.0,0.0,0.0,0.0,1.0
1.0,0.0,0.0,0.0,0.0
0.0,0.0,1.0,0.0,0.0
0.0,0.0,0.0,1.0,0.0
0.0,0.0,1.0,0.0,0.0
0.0,0.0,0.0,0.0,1.0
0.0,0.0,0.0,1.0,0.0
0.0,1.0,0.0,0.0,0.0
0.0,0.32478633573934346,0.6752136642606565,0.0,0.0
0.0,0.0,1.0,0.0,0.0
0.0,0.0,0.0,0.0,1.0
0.0,0.0,0.0,1.0,0.0
0.0,0.0,0.0,0.0,1.0
0.0,0.0,0.0,0.0,1.0
0.0,1.0,0.0,0.0,0.0
0.0,1.0,0.0,0.0,0.0
0.0,0.0,0.0,0.0,1.0
0.0,0.0,0.0,1.0,0.0
0.0,0.0,0.0,0.0,1.0
0.0,1.0,0.0,0.0,0.0
0.0,0.0,0.0,1.0,0.0
0.0,0.0,0.0,0.0,1.0
0.0,0.0,0.0,0.0,1.0
0.0,0.0,0.0,0.0,1.0
0.0,0.0,0.0,1.0,0.0
0.0,0.009466301093748797,0.0,0.9905336989062512,0.0
0.0,0.0,0.0,0.0,1.0
0.0,0.0,0.0,0.0,1.0
0.0,1.0,0.0,0.0,0.0
0.0,0.0,0.0,1.0,0.0
0.0,0.0,0.0,0.0,1.0
0.0,0.0,1.0,0.0,0.0
0.0,0.0,1.0,0.0,0.0
0.0,1.0,0.0,0.0,0.0
0.0,0.0,1.0,0.0,0.0
0.0,0.0,1.0,0.0,0.0
0.0,1.0,0.0,0.0,0.0
0.0,0.0,1.0,0.0,0.0
0.0,0.0,1.0,0.0,0.0
0.0,0.0,0.0,0.0,1.0
0.0,0.0,0.0,0.0,1.0
0.0,0.0,0.0,0.0,1.0
0.0,1.0,0.0,0.0,0.0
0.0,0.0,0.0,0.0,1.0
0.0,1.0,0.0,0.0,0.0
0.0,0.0,0.0,0.0,1.0
1.0,0.0,0.0,0.0,0.0
0.0,0.0,0.0,0.0,1.0
0.0,0.0,0.0,0.0,1.0
0.0,1.0,0.0,0.0,0.0
0.0,1.0,0.0,0.0,0.0
0.0,0.0,0.0,1.0,0.0
0.0,0.0,0.0,1.0,0.0
0.0,0.0,0.0,1.0,0.0
0.0,0.0,0.0,1.0,0.0
0.0,0.0,0.0,0.0,1.0
0.0,0.0,0.0,0.0,1.0
1.0,0.0,0.0,0.0,0.0
0.0,0.0,0.0,1.0,0.0
0.0,0.0,1.0,0.0,0.0
0.0,0.0,0.0,0.0,1.0
0.0,0.0,0.0,1.0,0.0
0.0,0.0,1.0,0.0,0.0
0.0,0.0,1.0,0.0,0.0
0.0,0.0,0.0,1.0,0.0
0.0,0.0,1.0,0.0,0.0
0.0,1.0,0.0,0.0,0.0
0.0,1.0,0.0,0.0,0.0
0.0,0.0,0.0,0.0,1.0
1.0,0.0,0.0,0.0,0.0
0.0,0.0,0.0,1.0,0.0
1.0,0.0,0.0,0.0,0.0
0.0,0.0,0.0,0.0,1.0
0.0,1.0,0.0,0.0,0.0
0.0,0.0,1.0,0.0,0.0
0.0,0.0,0.0,0.0,1.0
0.0,0.0,1.0,0.0,0.0
0.0,0.0,0.0,1.0,0.0
1.0,0.0,0.0,0.0,0.0
0.0,0.0,0.0,0.0,1.0
0.0,0.0,1.0,0.0,0.0
0.0,1.0,0.0,0.0,0.0
0.0,0.0,0.0,0.0,1.0
0.0,1.0,0.0,0.0,0.0
0.0,0.0,0.0,1.0,0.0
0.0,1.0,0.0,0.0,0.0
0.0,0.0,1.0,0.0,0.0
0.0,1.0,0.0,0.0,0.0
0.0,0.0,0.0,0.0,1.0
0.0,0.0,0.0,1.0,0.0
0.0,0.0,0.0,0.0,1.0
0.0,0.0,1.0,0.0,0.0
0.0,0.0,0.0,0.0,1.0
1.0,0.0,0.0,0.0,0.0
0.0,0.0,0.0,0.0,1.0
0.0,0.0,0.0,0.0,1.0
0.0,0.0,0.0,1.0,0.0
0.0,0.0,0.0,0.0,1.0
0.0,0.0,0.0,1.0,0.0
0.0,0.0,0.0,0.0,1.0
0.0,0.0,0.0,0.0,1.0
0.0,0.0,1.0,0.0,0.0
0.0,0.0,1.0,0.0,0.0
0.0,0.0,0.0,1.0,0.0
0.0,0.0,0.0,1.0,0.0
0.0,0.0,0.0,0.0,1.0
0.0,1.0,0.0,0.0,0.0
0.0,1.0,0.0,0.0,0.0
1.0,0.0,0.0,0.0,0.0
0.0,0.0,1.0,0.0,0.0
0.0,0.0,0.0,1.0,0.0
0.0,0.0,0.0,0.0,1.0
0.0,0.0,0.0,1.0,0.0
0.0,1.0,0.0,0.0,0.0
0.0,0.0,1.0,0.0,0.0
0.0,1.0,0.0,0.0,0.0
0.0,1.0,0.0,0.0,0.0
0.0,0.0,1.0,0.0,0.0
0.0,0.0,0.0,0.0,1.0
0.0,1.0,0.0,0.0,0.0
0.0,0.0,0.0,1.0,0.0
0.0,0.0,0.0,0.0,1.0
0.0,1.0,0.0,0.0,0.0
0.0,0.0,0.0,1.0,0.0
0.0,0.0,1.0,0.0,0.0
0.0,0.0,1.0,0.0,0.0
1.0,0.0,0.0,0.0,0.0
0.0,0.0,0.0,1.0,0.0
0.0,0.0,1.0,0.0,0.0
0.0,0.0,1.0,0.0,0.0
0.0,1.0,0.0,0.0,0.0
0.0,0.0,0.0,0.0,1.0
0.0,0.0,0.0,0.0,1.0
0.0,0.0,0.0,1.0,0.0
1.0,0.0,0.0,0.0,0.0
0.0,0.0,1.0,0.0,0.0
0.0,0.0,0.30469185069399174,0.6953081493060083,0.0
0.0,0.0,0.0,0.0,1.0
0.0,0.0,0.0,0.0,1.0
0.0,0.0,1.0,0.0,0.0
0.0,1.0,0.0,0.0,0.0
0.0,0.0,0.0,0.0,1.0
0.0,0.0,0.0,0.0,1.0
0.0,1.0,0.0,0.0,0.0
0.0,1.0,0.0,0.0,0.0
0.0,0.0,0.0,0.0,1.0
0.0,1.0,0.0,0.0,0.0
0.0,0.0,1.0,0.0,0.0
0.0,0.0,0.0,0.0,1.0
0.0,0.0,1.0,0.0,0.0
0.0,0.0,0.0,0.0,1.0
1.0,0.0,0.0,0.0,0.0
0.0,0.0,0.0,0.0,1.0
0.0,0.0,0.0,1.0,0.0
0.0,0.0,0.0,0.0,1.0
1.0,0.0,0.0,0.0,0.0
0.0,0.0,0.0,0.0,1.0
0.0,0.0,0.0,1.0,0.0
0.0,0.0,0.0,0.0,1.0
0.0,0.0,1.0,0.0,0.0
0.0,0.0,1.0,0.0,0.0
1.0,0.0,0.0,0.0,0.0
0.0,0.0,1.0,0.0,0.0
0.0,1.0,0.0,0.0,0.0
0.0,0.0,1.0,0.0,0.0
0.0,0.0,1.0,0.0,0.0
0.0,0.0,0.0,1.0,0.0
0.0,1.0,0.0,0.0,0.0
0.0,0.0,0.0,0.0,1.0
0.0,0.0,0.0,0.0,1.0
1.0,0.0,0.0,0.0,0.0
0.0,0.0,0.0,0.0,1.0
0.0,0.0,0.0,0.0,1.0
1.0,0.0,0.0,0.0,0.0
0.0,1.0,0.0,0.0,0.0
1.0,0.0,0.0,0.0,0.0
0.0,0.0,1.0,0.0,0.0
0.0,0.0,0.0,0.0,1.0
1.0,0.0,0.0,0.0,0.0
0.0,1.0,0.0,0.0,0.0
0.0,1.0,0.0,0.0,0.0
0.0,1.0,0.0,0.0,0.0
0.0,0.0,0.0,1.0,0.0
0.0,0.0,0.0,0.0,1.0
0.0,0.0,1.0,0.0,0.0
1.0,0.0,0.0,0.0,0.0
0.0,0.0,1.0,0.0,0.0
0.0,0.0,0.0,0.0,1.0
1.0,0.0,0.0,0.0,0.0
0.0,1.0,0.0,0.0,0.0
0.0,0.0,0.0,0.0,1.0
0.0,1.0,0.0,0.0,0.0
0.0,0.0,0.0,0.0,1.0
0.0,1.0,0.0,0.0,0.0
0.0,0.0,1.0,0.0,0.0
0.0,0.0,0.0,0.0,1.0
0.0,0.0,1.0,0.0,0.0
1.0,0.0,0.0,0.0,0.0
0.0,0.0,1.0,0.0,0.0
0.0,0.0,1.0,0.0,0.0
1.0,0.0,0.0,0.0,0.0
0.0,0.0,1.0,0.0,0.0
0.0,0.0,0.0,0.0,1.0
0.0,0.0,0.0,0.0,1.0
0.0,0.0,0.0,0.0,1.0
0.0,0.0,0.0,0.0,1.0
0.0,0.0,0.0,1.0,0.0
0.0,0.0,0.0,0.0,1.0
0.0,0.0,0.0,1.0,0.0
0.0,1.0,0.0,0.0,0.0
0.0,0.0,1.0,0.0,0.0
1.0,0.0,0.0,0.0,0.0
0.0,0.0,1.0,0.0,0.0
0.0,0.0,0.0,1.0,0.0
0.0,1.0,0.0,0.0,0.0
0.0,0.0,0.0,0.0,1.0
1.0,0.0,0.0,0.0,0.0
0.0,0.0,0.0,0.0,1.0
0.0,1.0,0.0,0.0,0.0
0.0,0.0,0.0,0.0,1.0
0.0,1.0,0.0,0.0,0.0
0.0,0.0,0.0,0.0,1.0
0.0,0.0,0.0,0.0,1.0
0.0,0.0,1.0,0.0,0.0
1.0,0.0,0.0,0.0,0.0
0.0,1.0,0.0,0.0,0.0
0.0,0.0,0.0,0.0,1.0
0.0,0.0,1.0,0.0,0.0
1.0,0.0,0.0,0.0,0.0
0.0,0.0,1.0,0.0,0.0
0.0,0.0,0.0,0.0,1.0
0.0,1.0,0.0,0.0,0.0
0.0,1.0,0.0,0.0,0.0
0.0,0.0,0.0,0.0,1.0
1.0,0.0,0.0,0.0,0.0
0.0,1.0,0.0,0.0,0.0
1.0,0.0,0.0,0.0,0.0
0.0,0.0,1.0,0.0,0.0
0.0,0.0,0.0,0.0,1.0
0.0,1.0,0.0,0.0,0.0
0.0,0.0,0.0,0.0,1.0
0.0,0.0,0.0,1.0,0.0
0.0,0.0,1.0,0.0,0.0
0.0,0.0,1.0,0.0,0.0
0.0,0.0,1.0,0.0,0.0
0.0,1.0,0.0,0.0,0.0
1.0,0.0,0.0,0.0,0.0
0.0,0.0,1.0,0.0,0.0
0.0,1.0,0.0,0.0,0.0
0.0,0.0,1.0,0.0,0.0
0.0,1.0,0.0,0.0,0.0
1.0,0.0,0.0,0.0,0.0
1.0,0.0,0.0,0.0,0.0
0.0,1.0,0.0,0.0,0.0
0.0,0.0,0.0,1.0,0.0
0.0,1.0,0.0,0.0,0.0
0.0,0.0,1.0,0.0,0.0
0.0,0.0,0.0,0.0,1.0
0.0,0.0,0.0,0.0,1.0
0.0,0.0,1.0,0.0,0.0
0.0,0.0,0.0,0.0,1.0
1.0,0.0,0.0,0.0,0.0
0.041471705593952635,0.0,0.9585282944060474,0.0,0.0
0.0,0.0,1.0,0.0,0.0
0.0,0.0,1.0,0.0,0.0
0.0,0.0,0.0,0.0,1.0
0.0,0.0,0.0,1.0,0.0
1.0,0.0,0.0,0.0,0.0
0.0,0.0,0.0,0.0,1.0
0.0,0.0,0.0,0.0,1.0
0.0,0.0,1.0,0.0,0.0
0.0,1.0,0.0,0.0,0.0
0.0,0.0,1.0,0.0,0.0
0.0,0.0,1.0,0.0,0.0
1.0,0.0,0.0,0.0,0.0
0.0,1.0,0.0,0.0,0.0
0.0,1.0,0.0,0.0,0.0
1.0,0.0,0.0,0.0,0.0
0.0,1.0,0.0,0.0,0.0
0.0,0.0,1.0,0.0,0.0
1.0,0.0,0.0,0.0,0.0
0.0,0.0,0.0,1.0,0.0
0.0,0.0,0.0,0.0,1.0
0.0,0.0,1.0,0.0,0.0
1.0,0.0,0.0,0.0,0.0
0.0,1.0,0.0,0.0,0.0
1.0,0.0,0.0,0.0,0.0
0.0,0.0,0.0,0.0,1.0
0.0,1.0,0.0,0.0,0.0
1.0,0.0,0.0,0.0,0.0
0.0,0.8265245468404103,0.0,0.0,0.17347545315958968
1.0,0.0,0.0,0.0,0.0
0.0,1.0,0.0,0.0,0.0
0.0,0.0,0.0,0.0,1.0
0.0,0.0,0.0,0.0,1.0
0.0,0.0,0.0,0.0,1.0
1.0,0.0,0.0,0.0,0.0
1.0,0.0,0.0,0.0,0.0
1.0,0.0,0.0,0.0,0.0
0.0,1.0,0.0,0.0,0.0
0.0,1.0,0.0,0.0,0.0
0.0,0.0,0.0,0.0,1.0
1.0,0.0,0.0,0.0,0.0
0.0,1.0,0.0,0.0,0.0
0.0,0.0,0.0,1.0,0.0
0.0,0.0,1.0,0.0,0.0
0.0,0.0,0.0,0.0,1.0
1.0,0.0,0.0,0.0,0.0
0.0,1.0,0.0,0.0,0.0
0.0,0.0,0.0,0.0,1.0
0.0,0.0,0.0,0.0,1.0
0.0,1.0,0.0,0.0,0.0
0.0,1.0,0.0,0.0,0.0
0.0,0.0,0.0,0.0,1.0
1.0,0.0,0.0,0.0,0.0
0.0,0.0,0.0,0.0,1.0
0.0,0.0,1.0,0.0,0.0
0.0,0.0,1.0,0.0,0.0
0.0,0.0,0.0,0.0,1.0
0.0,0.0,1.0,0.0,0.0
0.0,0.0,0.0,1.0,0.0
0.0,0.0,1.0,0.0,0.0
1.0,0.0,0.0,0.0,0.0
1.0,0.0,0.0,0.0,0.0
0.0,0.0,1.0,0.0,0.0
0.0,0.0,1.0,0.0,0.0
1.0,0.0,0.0,0.0,0.0
0.0,0.0,0.0,0.0,1.0
0.0,0.0,0.0,0.0,1.0
0.0,1.0,0.0,0.0,0.0
1.0,0.0,0.0,0.0,0.0
1.0,0.0,0.0,0.0,0.0
0.0,0.0,0.0,1.0,0.0
0.0,0.0,0.0,0.0,1.0
0.0,0.0,0.0,0.0,1.0
0.0,0.0,1.0,0.0,0.0
0.0,0.0,0.0,0.0,1.0
0.0,1.0,0.0,0.0,0.0
0.0,0.0,0.0,0.0,1.0
0.0,0.0,1.0,0.0,0.0
0.0,0.0,0.0,0.0,1.0
0.0,0.0,0.0,1.0,0.0
0.0,0.0,1.0,0.0,0.0
0.0,0.0,1.0,0.0,0.0
0.0,0.0,0.0,0.0,1.0
0.0,0.0,0.0,1.0,0.0
0.0,0.0,1.0,0.0,0.0
1.0,0.0,0.0,0.0,0.0
0.0,1.0,0.0,0.0,0.0
0.0,0.0,1.0,0.0,0.0
0.0,1.0,0.0,0.0,0.0
0.0,0.0,0.0,0.0,1.0
0.0,0.0,1.0,0.0,0.0
0.0,0.0,0.0,0.0,1.0
0.0,0.0,1.0,0.0,0.0
0.0,0.0,0.0,1.0,0.0
0.0,0.0,0.0,0.0,1.0
0.0,0.0,0.0,0.0,1.0
0.0,0.0,0.0,0.0,1.0
0.0,0.0,1.0,0.0,0.0
0.0,0.0,0.0,1.0,0.0
0.0,0.0,0.0,0.0,1.0
0.0,1.0,0.0,0.0,0.0
0.0,0.0,0.0,0.0,1.0
0.0,0.0,1.0,0.0,0.0
0.0,0.0,0.0,0.0,1.0
1.0,0.0,0.0,0.0,0.0
1.0,0.0,0.0,0.0,0.0
